customer_id,segment,predicted_clv,holdout_spend,cal_frequency,recency_days
0,Segment 0,131.87,0.0,1,337.0
1,Segment 2,1273.76,2486.57,3,54.0
2,Segment 2,809.94,270.0,3,56.0
3,Segment 4,459.87,1457.55,1,215.0
4,Segment 2,272.91,0.0,0,118.0
5,Segment 2,203.57,0.0,0,183.0
6,Segment 2,668.63,744.23,4,70.0
7,Segment 2,262.97,0.0,1,12.0
8,Segment 2,462.64,0.0,0,40.0
9,Segment 4,291.84,0.0,1,22.0
10,Segment 2,2805.09,58.35,4,53.0
11,Segment 2,193.73,6207.67,0,196.0
12,Segment 4,377.7,928.06,2,183.0
13,Segment 4,1247.27,3789.87,7,113.0
14,Segment 4,793.5,1378.48,3,8.0
15,Segment 4,227.03,0.0,3,95.0
16,Segment 2,721.27,3786.14,1,33.0
17,Segment 2,424.68,252.9,0,50.0
18,Segment 2,303.14,0.0,0,99.0
19,Segment 0,101.45,0.0,0,441.0
20,Segment 0,102.45,0.0,0,436.0
21,Segment 4,448.6,0.0,2,221.0
22,Segment 4,986.92,739.28,4,82.0
23,Segment 4,464.79,1527.96,1,217.0
24,Segment 2,748.0,353.12,1,20.0
25,Segment 4,280.46,0.0,2,119.0
26,Segment 0,312.54,622.93,1,229.0
27,Segment 2,181.48,0.0,1,197.0
28,Segment 4,835.02,0.0,3,123.0
29,Segment 0,117.69,4008.62,0,370.0
30,Segment 0,250.7,775.29,1,230.0
31,Segment 1,908.07,2423.56,2,273.0
32,Segment 2,978.34,69.45,3,46.0
33,Segment 2,200.43,0.0,0,187.0
34,Segment 2,292.49,0.0,1,145.0
35,Segment 2,176.07,0.0,0,223.0
36,Segment 4,661.75,2014.41,4,83.0
37,Segment 0,463.19,0.0,2,210.0
38,Segment 4,458.22,439.66,3,272.0
39,Segment 0,110.47,0.0,0,399.0
40,Segment 2,1070.08,521.5,4,53.0
41,Segment 2,534.4,729.4,0,25.0
42,Segment 4,855.85,1290.36,8,19.0
43,Segment 0,93.97,0.0,0,482.0
44,Segment 4,575.19,309.7,4,21.0
45,Segment 2,176.66,0.0,0,222.0
46,Segment 2,283.32,0.0,0,111.0
47,Segment 4,404.5,0.0,5,131.0
48,Segment 0,129.68,391.7,0,329.0
49,Segment 4,602.4,3280.75,2,207.0
50,Segment 2,652.9,1056.16,1,43.0
51,Segment 1,964.07,1854.31,3,68.0
52,Segment 4,1717.12,11056.93,2,228.0
53,Segment 1,352.86,0.0,1,116.0
54,Segment 2,179.71,0.0,0,217.0
55,Segment 1,334.3,1142.88,2,210.0
56,Segment 2,514.27,176.2,2,44.0
57,Segment 2,621.91,0.0,2,25.0
58,Segment 3,29631.88,73697.98,9,11.0
59,Segment 0,97.11,0.0,0,464.0
60,Segment 4,1212.35,1934.07,14,33.0
61,Segment 4,401.13,668.58,2,221.0
62,Segment 2,234.07,0.0,1,193.0
63,Segment 2,289.04,509.59,2,127.0
64,Segment 4,937.52,445.06,9,132.0
65,Segment 2,1037.39,407.34,6,8.0
66,Segment 4,479.52,1760.96,1,230.0
67,Segment 1,158.42,777.2,0,256.0
68,Segment 4,255.87,0.0,1,2.0
69,Segment 1,206.8,389.82,0,179.0
70,Segment 2,1032.07,1280.97,3,50.0
71,Segment 4,1160.17,1868.92,3,35.0
72,Segment 4,1966.43,3260.76,16,8.0
73,Segment 4,2310.82,9588.75,4,174.0
74,Segment 1,383.1,519.89,1,68.0
75,Segment 4,2588.23,3850.9,4,75.0
76,Segment 4,2509.11,2688.32,25,6.0
77,Segment 0,71.09,0.0,1,490.0
78,Segment 1,134.67,0.0,1,270.0
79,Segment 2,210.98,0.0,0,174.0
80,Segment 0,85.09,0.0,0,540.0
81,Segment 1,173.14,77.4,0,228.0
82,Segment 2,421.23,0.0,0,51.0
83,Segment 2,163.38,3596.29,0,246.0
84,Segment 1,255.71,197.88,2,207.0
85,Segment 4,2879.69,3687.7,3,26.0
86,Segment 2,188.82,0.0,0,203.0
87,Segment 4,1064.5,655.96,4,104.0
88,Segment 2,386.66,1773.72,0,62.0
89,Segment 1,547.72,925.18,2,46.0
90,Segment 2,485.25,425.48,2,92.0
91,Segment 0,107.29,0.0,0,413.0
92,Segment 2,154.66,0.0,0,264.0
93,Segment 1,283.32,298.7,0,111.0
94,Segment 2,816.88,605.03,1,14.0
95,Segment 2,584.27,517.2,2,8.0
96,Segment 4,787.49,467.45,3,124.0
97,Segment 0,333.15,0.0,1,330.0
98,Segment 0,91.5,0.0,0,497.0
99,Segment 4,6981.4,9728.43,33,18.0
100,Segment 1,2980.23,3150.12,14,75.0
101,Segment 4,2378.22,4158.76,17,8.0
102,Segment 2,179.71,669.38,0,217.0
103,Segment 1,3538.88,3654.13,10,26.0
104,Segment 4,3368.85,8555.29,4,47.0
105,Segment 4,1414.03,1496.36,4,75.0
106,Segment 4,2275.66,2243.77,8,12.0
107,Segment 4,457.57,0.0,4,384.0
108,Segment 4,991.94,1175.47,13,13.0
109,Segment 4,699.02,2902.7,5,144.0
110,Segment 0,127.15,0.0,0,337.0
111,Segment 2,167.04,0.0,0,239.0
112,Segment 0,85.37,0.0,0,538.0
113,Segment 2,240.17,0.0,0,144.0
114,Segment 4,1421.68,3790.21,11,22.0
115,Segment 2,183.5,227.21,0,211.0
116,Segment 1,674.33,183.24,0,5.0
117,Segment 1,459.74,400.76,5,4.0
118,Segment 1,100.09,0.0,0,448.0
119,Segment 0,104.08,0.0,0,428.0
120,Segment 4,1176.2,953.1,1,208.0
121,Segment 0,118.22,0.0,0,368.0
122,Segment 4,861.24,2888.07,10,74.0
123,Segment 1,240.17,0.0,0,144.0
124,Segment 2,1158.62,1517.22,2,25.0
125,Segment 0,112.13,0.0,0,392.0
126,Segment 0,163.04,92.65,1,225.0
127,Segment 1,180.33,0.0,0,216.0
128,Segment 2,462.64,0.0,0,40.0
129,Segment 1,232.45,690.65,1,106.0
130,Segment 2,316.04,0.0,0,92.0
131,Segment 4,767.88,217.52,5,133.0
132,Segment 1,168.66,0.0,0,236.0
133,Segment 4,404.69,0.0,1,75.0
134,Segment 2,222.71,0.0,0,161.0
135,Segment 0,286.26,1186.06,1,238.0
136,Segment 1,146.0,276.84,0,284.0
137,Segment 2,1075.72,828.7,2,12.0
138,Segment 4,888.84,1173.38,15,60.0
139,Segment 4,2718.83,1472.34,12,12.0
140,Segment 1,180.61,0.0,2,306.0
141,Segment 2,301.5,63.79,3,102.0
142,Segment 2,470.62,958.82,1,84.0
143,Segment 1,127.46,0.0,0,336.0
144,Segment 4,895.63,746.63,6,41.0
145,Segment 1,91.98,125.22,0,494.0
146,Segment 1,140.92,0.0,1,435.0
147,Segment 2,180.33,0.0,0,216.0
148,Segment 2,201.21,363.95,0,186.0
149,Segment 4,1528.9,1050.66,4,70.0
150,Segment 4,3883.63,6402.96,19,0.0
151,Segment 2,323.92,556.78,0,88.0
152,Segment 1,135.95,0.0,1,292.0
153,Segment 2,158.42,0.0,0,256.0
154,Segment 2,372.77,288.24,0,67.0
155,Segment 2,243.46,0.0,2,5.0
156,Segment 0,159.82,0.0,3,383.0
157,Segment 2,218.96,0.0,0,165.0
158,Segment 2,1282.86,1773.93,6,12.0
159,Segment 2,158.42,0.0,0,256.0
160,Segment 4,2682.83,7136.34,5,64.0
161,Segment 2,316.68,0.0,1,118.0
162,Segment 2,284.87,0.0,0,110.0
163,Segment 2,743.94,2994.78,2,6.0
164,Segment 2,180.33,0.0,0,216.0
165,Segment 2,367.48,0.0,0,69.0
166,Segment 1,308.54,0.0,0,96.0
167,Segment 4,1803.26,4852.62,8,9.0
168,Segment 0,99.33,0.0,0,452.0
169,Segment 2,1255.7,2312.37,3,26.0
170,Segment 2,483.01,0.0,4,35.0
171,Segment 2,265.94,0.0,0,123.0
172,Segment 0,203.87,0.0,1,265.0
173,Segment 4,535.27,885.33,4,26.0
174,Segment 4,358.79,395.56,3,167.0
175,Segment 1,1116.47,989.85,2,138.0
176,Segment 4,258.66,0.0,1,54.0
177,Segment 4,508.34,0.0,3,46.0
178,Segment 4,2481.62,3802.95,16,8.0
179,Segment 1,323.92,1465.02,0,88.0
180,Segment 1,685.19,0.0,1,42.0
181,Segment 4,467.43,196.94,2,182.0
182,Segment 1,208.44,174.9,1,207.0
183,Segment 4,496.62,574.68,2,229.0
184,Segment 1,569.81,0.0,0,19.0
185,Segment 2,475.75,0.0,2,125.0
186,Segment 2,236.09,187.8,1,21.0
187,Segment 2,528.92,182.1,0,26.0
188,Segment 4,1230.16,1573.23,9,0.0
189,Segment 0,135.4,0.0,0,312.0
190,Segment 2,424.68,236.32,0,50.0
191,Segment 2,350.13,2634.98,0,76.0
192,Segment 1,734.34,1665.34,4,28.0
193,Segment 4,580.67,496.72,8,16.0
194,Segment 4,1011.06,1139.08,15,12.0
195,Segment 2,510.25,50.1,4,12.0
196,Segment 2,367.48,75.68,0,69.0
197,Segment 2,496.35,0.0,2,184.0
198,Segment 2,182.86,0.0,0,212.0
199,Segment 4,672.1,712.92,6,126.0
200,Segment 4,1083.78,1630.46,6,5.0
201,Segment 2,330.1,0.0,0,85.0
202,Segment 1,686.57,2093.19,2,221.0
203,Segment 1,321.3,391.85,1,105.0
204,Segment 4,368.55,2313.15,2,42.0
205,Segment 2,617.64,741.75,0,12.0
206,Segment 4,5514.27,5738.0,23,8.0
207,Segment 2,462.64,0.0,0,40.0
208,Segment 4,693.81,0.0,6,84.0
209,Segment 4,1459.97,0.0,3,19.0
210,Segment 1,316.68,4735.8,1,124.0
211,Segment 2,417.16,0.0,1,193.0
212,Segment 4,584.14,480.5,3,264.0
213,Segment 1,189.55,0.0,1,328.0
214,Segment 1,1308.14,398.43,4,4.0
215,Segment 0,121.53,0.0,0,356.0
216,Segment 2,331.84,1509.18,1,200.0
217,Segment 4,1716.36,3579.75,6,47.0
218,Segment 0,100.28,511.69,0,447.0
219,Segment 4,402.87,0.0,2,46.0
220,Segment 4,1531.82,1707.72,6,28.0
221,Segment 1,285.03,477.91,2,238.0
222,Segment 4,763.38,866.48,5,27.0
223,Segment 4,3869.47,1204.51,26,7.0
224,Segment 0,234.13,300.05,2,245.0
225,Segment 4,603.15,230.51,5,20.0
226,Segment 2,284.61,0.0,3,142.0
227,Segment 1,529.66,0.0,1,139.0
228,Segment 4,426.2,1430.75,1,104.0
229,Segment 2,485.12,228.23,1,5.0
230,Segment 2,171.44,0.0,0,231.0
231,Segment 1,1188.02,2185.07,4,11.0
232,Segment 2,164.41,0.0,0,244.0
233,Segment 4,1344.13,2307.38,12,47.0
234,Segment 0,83.33,0.0,1,432.0
235,Segment 4,594.35,3208.3,3,40.0
236,Segment 1,150.57,0.0,2,132.0
237,Segment 1,189.5,0.0,0,202.0
238,Segment 4,2498.47,709.51,7,67.0
239,Segment 2,380.98,399.43,0,64.0
240,Segment 4,565.14,1797.76,3,7.0
241,Segment 0,107.07,0.0,0,414.0
242,Segment 1,196.27,0.0,1,137.0
243,Segment 2,310.95,353.62,1,134.0
244,Segment 2,596.18,1245.62,0,15.0
245,Segment 1,88.18,0.0,1,361.0
246,Segment 2,833.22,463.99,4,68.0
247,Segment 0,133.41,0.0,1,363.0
248,Segment 4,5361.91,12659.42,8,61.0
249,Segment 2,449.49,147.34,1,13.0
250,Segment 4,6517.77,5009.16,33,6.0
251,Segment 4,4343.63,6300.53,30,0.0
252,Segment 4,2055.78,3500.52,11,19.0
253,Segment 2,1233.97,1258.53,1,5.0
254,Segment 2,206.8,0.0,0,179.0
255,Segment 2,144.39,0.0,0,288.0
256,Segment 2,610.31,0.0,0,13.0
257,Segment 2,370.16,575.6,2,127.0
258,Segment 0,100.67,0.0,0,445.0
259,Segment 4,492.75,179.19,5,19.0
260,Segment 1,172.57,761.67,0,229.0
261,Segment 4,248.03,492.85,3,18.0
262,Segment 0,280.66,0.0,1,242.0
263,Segment 0,110.7,0.0,0,398.0
264,Segment 2,174.88,0.0,0,225.0
265,Segment 2,545.7,3541.56,0,23.0
266,Segment 4,572.26,424.63,4,50.0
267,Segment 0,80.69,256.7,1,441.0
268,Segment 4,2723.36,3439.59,6,9.0
269,Segment 2,303.14,0.0,0,99.0
270,Segment 4,1044.58,1183.9,12,8.0
271,Segment 4,6760.01,5564.3,20,25.0
272,Segment 1,640.71,376.06,0,9.0
273,Segment 0,213.31,0.0,1,419.0
274,Segment 4,1221.14,1887.65,15,8.0
275,Segment 4,2906.98,2676.94,8,14.0
276,Segment 4,291.65,321.24,1,53.0
277,Segment 4,1555.26,3053.46,12,0.0
278,Segment 4,922.03,1404.31,4,54.0
279,Segment 2,440.28,786.51,3,140.0
280,Segment 4,418.23,0.0,2,179.0
281,Segment 4,834.06,1389.82,7,22.0
282,Segment 4,925.74,1703.38,5,89.0
283,Segment 2,571.87,201.02,3,65.0
284,Segment 0,129.68,0.0,0,329.0
285,Segment 4,4645.96,10649.32,9,20.0
286,Segment 4,479.61,0.0,3,42.0
287,Segment 2,387.55,0.0,2,160.0
288,Segment 2,491.54,0.0,1,123.0
289,Segment 2,244.68,0.0,0,140.0
290,Segment 2,205.98,0.0,0,180.0
291,Segment 2,189.5,975.54,0,202.0
292,Segment 0,125.92,0.0,0,341.0
293,Segment 1,103.06,0.0,0,433.0
294,Segment 4,2575.08,4948.58,3,56.0
295,Segment 0,184.68,0.0,1,294.0
296,Segment 1,123.83,0.0,0,348.0
297,Segment 4,2039.98,2104.61,20,6.0
298,Segment 3,7884.41,21275.37,121,0.0
299,Segment 1,1204.64,3036.1,3,21.0
300,Segment 2,160.37,0.0,0,252.0
301,Segment 1,6313.9,8322.36,3,56.0
302,Segment 2,2768.4,0.0,2,43.0
303,Segment 4,1066.36,0.0,2,88.0
304,Segment 2,569.81,3558.92,0,19.0
305,Segment 4,1800.21,1221.4,5,84.0
306,Segment 4,993.13,996.64,5,83.0
307,Segment 2,155.12,0.0,0,263.0
308,Segment 2,151.08,0.0,0,272.0
309,Segment 2,208.45,174.0,0,177.0
310,Segment 2,264.58,0.0,0,124.0
311,Segment 0,197.77,0.0,5,280.0
312,Segment 4,2844.33,2861.92,5,48.0
313,Segment 2,203.57,0.0,0,183.0
314,Segment 2,439.09,0.0,0,46.0
315,Segment 1,777.26,0.0,1,18.0
316,Segment 1,142.42,0.0,0,293.0
317,Segment 0,125.32,0.0,0,343.0
318,Segment 2,688.56,611.16,4,11.0
319,Segment 0,95.17,0.0,0,475.0
320,Segment 2,154.2,0.0,0,265.0
321,Segment 4,453.02,330.17,5,67.0
322,Segment 4,1533.48,987.59,10,6.0
323,Segment 0,108.86,0.0,0,406.0
324,Segment 1,316.04,237.48,0,92.0
325,Segment 4,1427.24,627.97,8,61.0
326,Segment 0,127.15,476.82,0,337.0
327,Segment 1,254.18,0.0,2,172.0
328,Segment 0,106.42,0.0,0,417.0
329,Segment 2,286.6,275.56,1,0.0
330,Segment 0,102.27,0.0,3,271.0
331,Segment 0,113.97,76.85,1,320.0
332,Segment 1,366.68,0.0,1,0.0
333,Segment 0,276.64,0.0,4,181.0
334,Segment 2,271.21,0.0,1,64.0
335,Segment 2,419.42,0.0,2,142.0
336,Segment 0,102.45,0.0,0,436.0
337,Segment 1,250.78,0.0,1,173.0
338,Segment 2,172.57,6977.04,0,229.0
339,Segment 0,127.15,0.0,0,337.0
340,Segment 0,140.14,0.0,1,278.0
341,Segment 1,136.82,0.0,0,308.0
342,Segment 0,336.93,382.58,3,252.0
343,Segment 2,190.2,0.0,0,201.0
344,Segment 0,164.58,0.0,1,273.0
345,Segment 0,388.78,0.0,3,189.0
346,Segment 0,343.71,0.0,1,380.0
347,Segment 2,197.4,0.0,0,191.0
348,Segment 2,243.34,354.25,2,176.0
349,Segment 1,184.35,400.36,1,373.0
350,Segment 0,180.35,0.0,1,342.0
351,Segment 2,567.29,0.0,3,69.0
352,Segment 0,409.55,0.0,2,309.0
353,Segment 2,665.59,368.1,0,6.0
354,Segment 2,407.9,0.0,2,89.0
355,Segment 1,367.48,0.0,0,69.0
356,Segment 2,153.75,0.0,0,266.0
357,Segment 4,572.5,771.88,7,134.0
358,Segment 4,155.9,0.0,1,22.0
359,Segment 4,1806.85,765.0,12,62.0
360,Segment 0,172.58,0.0,1,329.0
361,Segment 4,543.74,771.02,7,124.0
362,Segment 4,236.9,0.0,2,144.0
363,Segment 2,270.3,0.0,1,70.0
364,Segment 2,319.93,0.0,0,90.0
365,Segment 4,0.01,0.0,36,235.0
366,Segment 4,1633.53,948.96,11,27.0
367,Segment 0,115.86,134.1,0,377.0
368,Segment 4,547.42,281.16,8,181.0
369,Segment 4,1641.26,4195.53,15,6.0
370,Segment 4,971.91,1148.8,4,22.0
371,Segment 4,2210.52,1940.39,26,30.0
372,Segment 4,289.24,808.26,2,116.0
373,Segment 4,1672.78,1075.2,19,21.0
374,Segment 0,175.3,325.96,1,250.0
375,Segment 2,565.22,0.0,3,75.0
376,Segment 2,194.45,843.64,0,195.0
377,Segment 0,93.8,0.0,0,483.0
378,Segment 4,932.75,341.44,4,76.0
379,Segment 2,159.87,0.0,0,253.0
380,Segment 0,145.6,131.81,0,285.0
381,Segment 1,297.93,0.0,0,102.0
382,Segment 1,847.91,1019.1,5,47.0
383,Segment 4,650.72,505.88,5,49.0
384,Segment 2,241.98,0.0,2,180.0
385,Segment 4,1204.98,0.0,5,18.0
386,Segment 2,197.4,0.0,0,191.0
387,Segment 2,153.75,0.0,0,266.0
388,Segment 0,90.86,0.0,0,501.0
389,Segment 0,104.29,0.0,0,427.0
390,Segment 2,303.8,0.0,1,233.0
391,Segment 4,603.88,521.2,4,187.0
392,Segment 0,134.01,147.12,0,316.0
393,Segment 1,416.14,1568.23,1,186.0
394,Segment 2,487.31,0.0,2,91.0
395,Segment 4,1684.67,2251.25,9,22.0
396,Segment 2,1213.26,248.06,6,26.0
397,Segment 0,92.8,0.0,0,489.0
398,Segment 4,553.12,0.0,2,183.0
399,Segment 2,257.29,248.64,1,15.0
400,Segment 4,819.74,0.0,11,134.0
401,Segment 4,550.16,0.0,2,90.0
402,Segment 1,265.75,0.0,1,193.0
403,Segment 4,385.79,49.47,3,170.0
404,Segment 4,680.74,1386.59,2,4.0
405,Segment 4,710.04,853.73,14,8.0
406,Segment 2,920.7,0.0,1,44.0
407,Segment 0,222.59,0.0,1,189.0
408,Segment 2,334.35,0.0,0,83.0
409,Segment 1,523.56,603.4,0,27.0
410,Segment 2,197.4,0.0,0,191.0
411,Segment 2,542.32,0.0,1,22.0
412,Segment 2,228.69,0.0,3,189.0
413,Segment 2,194.45,376.72,0,195.0
414,Segment 4,375.4,85.0,8,28.0
415,Segment 2,188.14,0.0,0,204.0
416,Segment 0,114.34,0.0,0,383.0
417,Segment 2,329.06,0.0,3,12.0
418,Segment 0,144.27,0.0,1,271.0
419,Segment 2,177.26,0.0,0,221.0
420,Segment 2,172.0,0.0,0,230.0
421,Segment 2,8064.41,9384.54,7,8.0
422,Segment 2,359.84,0.0,0,72.0
423,Segment 2,168.66,0.0,0,236.0
424,Segment 0,175.85,0.0,1,384.0
425,Segment 2,212.75,0.0,1,203.0
426,Segment 4,322.62,432.0,2,120.0
427,Segment 4,817.76,642.91,4,9.0
428,Segment 4,1118.27,1932.54,5,5.0
429,Segment 4,120.68,0.0,0,359.0
430,Segment 4,1266.7,1617.24,10,90.0
431,Segment 2,185.46,0.0,0,208.0
432,Segment 1,308.52,164.0,2,180.0
433,Segment 4,1175.21,693.37,5,9.0
434,Segment 4,652.64,594.0,3,208.0
435,Segment 0,125.23,162.78,1,379.0
436,Segment 4,6974.76,11005.6,34,20.0
437,Segment 0,180.97,171.57,1,198.0
438,Segment 4,694.44,278.43,9,6.0
439,Segment 0,110.24,694.05,0,400.0
440,Segment 4,390.11,0.0,3,219.0
441,Segment 2,189.5,0.0,0,202.0
442,Segment 4,1195.47,1282.66,7,49.0
443,Segment 1,271.49,0.0,0,119.0
444,Segment 4,12284.25,29675.91,34,11.0
445,Segment 0,31.6,0.0,6,347.0
446,Segment 4,381.75,496.78,4,91.0
447,Segment 0,84.54,0.0,0,544.0
448,Segment 4,1040.3,1294.47,8,11.0
449,Segment 4,651.77,1076.04,6,5.0
450,Segment 4,6210.88,4353.48,12,81.0
451,Segment 0,86.21,0.0,0,532.0
452,Segment 2,338.51,279.08,1,5.0
453,Segment 0,127.06,0.0,1,366.0
454,Segment 2,221.76,317.56,0,162.0
455,Segment 4,241.31,0.0,1,96.0
456,Segment 2,164.41,0.0,0,244.0
457,Segment 1,621.71,551.77,2,42.0
458,Segment 4,397.75,1167.44,4,22.0
459,Segment 4,3573.51,1916.52,12,14.0
460,Segment 4,941.51,425.69,12,12.0
461,Segment 0,129.36,329.85,0,330.0
462,Segment 0,100.48,0.0,0,446.0
463,Segment 2,695.54,4036.84,2,11.0
464,Segment 4,240.32,0.0,3,114.0
465,Segment 4,1476.92,2866.12,6,12.0
466,Segment 0,215.18,0.0,1,208.0
467,Segment 0,142.81,0.0,0,292.0
468,Segment 0,353.07,0.0,3,221.0
469,Segment 2,200.43,0.0,0,187.0
470,Segment 2,469.99,1490.83,4,173.0
471,Segment 2,163.89,0.0,0,245.0
472,Segment 1,685.09,0.0,2,166.0
473,Segment 0,107.96,0.0,0,410.0
474,Segment 4,330.12,381.67,3,130.0
475,Segment 3,2873.79,6331.54,60,4.0
476,Segment 1,291.76,0.0,3,221.0
477,Segment 2,177.26,0.0,0,221.0
478,Segment 4,189.67,0.0,1,5.0
479,Segment 4,448.56,0.0,4,244.0
480,Segment 4,1031.45,0.0,6,19.0
481,Segment 0,156.93,39.24,1,309.0
482,Segment 4,499.66,0.0,4,193.0
483,Segment 1,85.51,0.0,0,537.0
484,Segment 4,3855.99,2598.84,17,18.0
485,Segment 1,827.45,0.0,7,50.0
486,Segment 0,108.86,0.0,0,406.0
487,Segment 1,376.32,0.0,5,267.0
488,Segment 4,349.69,254.4,3,5.0
489,Segment 2,301.38,0.0,0,100.0
490,Segment 4,2862.8,3532.87,20,8.0
491,Segment 4,308.44,312.0,4,118.0
492,Segment 2,193.01,503.76,0,197.0
493,Segment 0,86.07,0.0,0,533.0
494,Segment 4,383.02,239.46,4,15.0
495,Segment 1,350.13,585.82,0,76.0
496,Segment 2,203.57,0.0,0,183.0
497,Segment 1,656.19,614.67,5,44.0
498,Segment 0,238.79,0.0,2,300.0
499,Segment 2,709.57,0.0,2,4.0
500,Segment 4,232.15,76.32,2,67.0
501,Segment 4,6304.38,2474.97,28,25.0
502,Segment 2,304.2,0.0,2,126.0
503,Segment 2,551.53,90.0,0,22.0
504,Segment 4,2461.59,3197.01,23,22.0
505,Segment 1,436.99,192.05,2,54.0
506,Segment 0,113.35,0.0,0,387.0
507,Segment 1,206.15,0.0,2,131.0
508,Segment 0,94.31,0.0,0,480.0
509,Segment 0,155.15,0.0,1,182.0
510,Segment 2,205.98,0.0,0,180.0
511,Segment 4,578.43,924.45,3,102.0
512,Segment 4,2519.88,2414.7,17,20.0
513,Segment 1,907.01,2072.45,3,28.0
514,Segment 4,1678.89,1576.6,7,5.0
515,Segment 4,1978.56,3603.74,12,4.0
516,Segment 4,344.74,0.0,5,187.0
517,Segment 0,125.49,0.0,1,370.0
518,Segment 4,923.89,1846.43,10,23.0
519,Segment 2,168.12,0.0,0,237.0
520,Segment 0,127.46,599.9,0,336.0
521,Segment 1,195.09,0.0,1,278.0
522,Segment 0,85.23,0.0,0,539.0
523,Segment 4,312.23,715.05,5,28.0
524,Segment 4,4441.08,3072.0,15,41.0
525,Segment 2,411.23,865.0,2,161.0
526,Segment 2,209.29,350.08,0,176.0
527,Segment 4,690.12,0.0,4,215.0
528,Segment 2,473.91,996.52,3,200.0
529,Segment 2,262.51,0.0,1,165.0
530,Segment 2,257.65,476.91,1,177.0
531,Segment 2,351.89,554.13,1,68.0
532,Segment 0,92.31,0.0,0,492.0
533,Segment 4,1066.93,303.75,9,27.0
534,Segment 2,304.92,513.36,0,98.0
535,Segment 0,147.98,0.0,3,392.0
536,Segment 0,226.58,0.0,3,258.0
537,Segment 0,200.27,0.0,2,406.0
538,Segment 1,338.71,0.0,0,81.0
539,Segment 4,1469.5,0.0,10,99.0
540,Segment 2,212.75,305.28,1,209.0
541,Segment 2,267.82,431.59,1,74.0
542,Segment 4,2042.65,1449.27,14,27.0
543,Segment 4,984.21,865.99,6,46.0
544,Segment 2,539.91,502.9,2,126.0
545,Segment 4,2674.78,2902.7,25,12.0
546,Segment 0,98.15,0.0,1,386.0
547,Segment 4,968.35,0.0,5,20.0
548,Segment 0,103.88,0.0,0,429.0
549,Segment 1,366.04,857.1,1,21.0
550,Segment 0,120.68,0.0,0,359.0
551,Segment 0,151.3,0.0,2,338.0
552,Segment 4,724.74,0.0,8,57.0
553,Segment 2,389.57,0.0,0,61.0
554,Segment 0,144.39,0.0,0,288.0
555,Segment 4,308.22,902.29,2,135.0
556,Segment 4,397.69,0.0,4,181.0
557,Segment 2,205.27,115.46,1,217.0
558,Segment 2,260.61,179.0,0,127.0
559,Segment 4,2837.72,1756.48,21,6.0
560,Segment 4,280.11,0.0,3,0.0
561,Segment 0,105.77,0.0,0,420.0
562,Segment 2,354.92,0.0,0,74.0
563,Segment 2,194.3,0.0,1,219.0
564,Segment 0,286.06,0.0,3,319.0
565,Segment 0,154.2,0.0,0,265.0
566,Segment 4,778.84,151.83,8,98.0
567,Segment 4,6069.23,8092.42,39,8.0
568,Segment 2,174.88,220.1,0,225.0
569,Segment 0,169.38,58.08,2,209.0
570,Segment 4,12105.18,13789.37,20,25.0
571,Segment 4,1759.06,1653.45,12,43.0
572,Segment 2,170.32,303.75,0,233.0
573,Segment 1,140.12,0.0,0,299.0
574,Segment 4,508.31,137.98,3,103.0
575,Segment 2,198.15,0.0,0,190.0
576,Segment 0,85.93,0.0,0,534.0
577,Segment 2,174.88,0.0,0,225.0
578,Segment 3,24139.08,30741.35,97,7.0
579,Segment 4,3256.72,5751.82,14,46.0
580,Segment 0,85.51,319.82,0,537.0
581,Segment 4,667.47,38.08,10,19.0
582,Segment 3,5961.36,0.0,42,83.0
583,Segment 2,846.09,834.24,7,13.0
584,Segment 2,189.5,0.0,0,202.0
585,Segment 4,2863.35,2919.26,17,41.0
586,Segment 1,6138.22,21634.65,7,6.0
587,Segment 4,281.69,0.0,3,42.0
588,Segment 4,3288.35,2654.93,24,6.0
589,Segment 0,221.81,243.94,1,245.0
590,Segment 4,362.19,884.76,4,75.0
591,Segment 2,164.41,0.0,0,244.0
592,Segment 2,177.26,59.5,0,221.0
593,Segment 1,1152.69,964.78,5,141.0
594,Segment 2,316.73,0.0,1,180.0
595,Segment 1,120.68,766.84,0,359.0
596,Segment 4,629.61,756.18,7,65.0
597,Segment 0,87.08,0.0,0,526.0
598,Segment 0,123.54,0.0,0,349.0
599,Segment 1,4905.76,2940.27,27,0.0
600,Segment 0,85.37,0.0,0,538.0
601,Segment 4,780.5,2225.18,5,187.0
602,Segment 4,835.64,233.54,15,25.0
603,Segment 2,1199.86,338.71,6,16.0
604,Segment 0,94.99,0.0,0,476.0
605,Segment 2,439.09,0.0,0,46.0
606,Segment 1,347.78,0.0,0,77.0
607,Segment 2,431.76,18.72,0,48.0
608,Segment 0,162.94,0.0,1,280.0
609,Segment 2,1712.27,1239.86,2,60.0
610,Segment 0,129.04,0.0,0,331.0
611,Segment 4,879.52,1002.27,8,61.0
612,Segment 0,101.85,0.0,0,439.0
613,Segment 0,164.7,0.0,1,260.0
614,Segment 4,531.74,1039.3,2,226.0
615,Segment 2,367.48,0.0,0,69.0
616,Segment 2,243.92,0.0,2,81.0
617,Segment 2,728.05,1250.88,3,42.0
618,Segment 4,1400.51,0.0,1,4.0
619,Segment 4,1139.72,1992.67,5,20.0
620,Segment 4,1965.56,2755.85,9,60.0
621,Segment 2,459.73,575.54,2,48.0
622,Segment 2,798.9,3885.77,2,23.0
623,Segment 2,359.35,264.21,2,174.0
624,Segment 4,1970.31,987.72,13,22.0
625,Segment 1,112.13,0.0,0,392.0
626,Segment 2,235.95,0.0,1,140.0
627,Segment 0,347.62,319.77,3,180.0
628,Segment 4,1879.26,1862.93,14,40.0
629,Segment 2,306.72,1299.32,0,97.0
630,Segment 1,173.38,0.0,1,292.0
631,Segment 4,608.57,0.0,2,103.0
632,Segment 4,428.4,0.0,6,225.0
633,Segment 4,414.94,0.0,2,207.0
634,Segment 2,464.42,402.56,3,134.0
635,Segment 4,327.74,0.0,2,193.0
636,Segment 4,1532.89,1243.28,5,49.0
637,Segment 2,344.68,944.65,1,126.0
638,Segment 2,201.29,0.0,1,121.0
639,Segment 4,2477.08,386.6,13,41.0
640,Segment 0,106.2,0.0,0,418.0
641,Segment 0,110.04,0.0,1,377.0
642,Segment 2,348.47,666.84,1,159.0
643,Segment 1,405.67,0.0,1,91.0
644,Segment 2,192.3,779.33,0,198.0
645,Segment 1,541.38,346.53,3,7.0
646,Segment 4,307.74,207.68,1,60.0
647,Segment 2,289.63,286.46,0,107.0
648,Segment 2,185.46,0.0,0,208.0
649,Segment 4,539.49,187.71,8,175.0
650,Segment 4,1890.19,708.76,8,124.0
651,Segment 1,182.25,0.0,1,390.0
652,Segment 2,167.58,282.45,0,238.0
653,Segment 4,3279.79,3006.27,14,11.0
654,Segment 0,104.5,0.0,0,426.0
655,Segment 0,106.85,0.0,0,415.0
656,Segment 2,198.9,0.0,0,189.0
657,Segment 4,1566.29,2430.7,8,16.0
658,Segment 2,896.8,892.64,3,35.0
659,Segment 2,352.51,0.0,0,75.0
660,Segment 1,187.94,0.0,1,145.0
661,Segment 0,159.22,0.0,2,352.0
662,Segment 0,96.75,0.0,0,466.0
663,Segment 4,532.14,447.62,3,13.0
664,Segment 2,172.57,60.7,0,229.0
665,Segment 2,176.66,0.0,0,222.0
666,Segment 4,661.8,1285.65,3,70.0
667,Segment 0,106.42,0.0,0,417.0
668,Segment 1,1697.49,1313.49,4,57.0
669,Segment 4,3079.68,6076.96,36,5.0
670,Segment 0,241.66,0.0,3,310.0
671,Segment 4,388.26,0.0,6,202.0
672,Segment 4,581.76,703.75,6,50.0
673,Segment 0,85.23,0.0,0,539.0
674,Segment 2,160.86,0.0,0,251.0
675,Segment 4,925.5,0.0,11,208.0
676,Segment 0,134.23,250.26,1,259.0
677,Segment 4,513.17,499.21,5,14.0
678,Segment 4,1596.8,3514.97,7,35.0
679,Segment 4,461.35,984.72,6,169.0
680,Segment 4,1121.45,1103.15,6,7.0
681,Segment 4,389.71,0.0,6,225.0
682,Segment 2,184.15,0.0,0,210.0
683,Segment 2,352.51,0.0,0,75.0
684,Segment 0,97.3,133.62,0,463.0
685,Segment 0,104.5,0.0,0,426.0
686,Segment 4,345.51,259.6,2,27.0
687,Segment 2,466.3,0.0,1,48.0
688,Segment 0,113.84,0.0,0,385.0
689,Segment 4,376.18,0.0,5,8.0
690,Segment 4,3665.3,2721.96,11,4.0
691,Segment 2,278.27,0.0,1,81.0
692,Segment 2,640.71,0.0,0,9.0
693,Segment 2,493.55,0.0,0,33.0
694,Segment 4,1909.39,947.72,24,9.0
695,Segment 2,1261.04,653.45,2,4.0
696,Segment 4,272.05,300.88,2,144.0
697,Segment 0,83.56,0.0,1,480.0
698,Segment 2,563.59,0.0,0,20.0
699,Segment 2,194.45,0.0,0,195.0
700,Segment 0,223.4,589.68,2,168.0
701,Segment 4,750.92,0.0,4,69.0
702,Segment 4,475.37,221.24,4,65.0
703,Segment 2,178.48,0.0,0,219.0
704,Segment 4,262.28,166.4,4,21.0
705,Segment 4,437.39,0.0,2,11.0
706,Segment 2,166.51,430.5,0,240.0
707,Segment 4,1394.0,328.28,8,14.0
708,Segment 4,469.47,419.57,6,69.0
709,Segment 1,158.41,0.0,1,268.0
710,Segment 2,184.15,0.0,0,210.0
711,Segment 1,132.14,0.0,1,202.0
712,Segment 4,489.57,553.92,2,147.0
713,Segment 2,202.77,0.0,0,184.0
714,Segment 2,226.67,164.96,1,181.0
715,Segment 1,164.41,0.0,0,244.0
716,Segment 2,468.73,473.96,2,13.0
717,Segment 4,341.02,283.18,5,205.0
718,Segment 2,429.88,0.0,1,76.0
719,Segment 4,251.91,0.0,2,71.0
720,Segment 4,2817.0,4139.08,16,6.0
721,Segment 2,161.36,0.0,0,250.0
722,Segment 2,1135.9,967.78,1,53.0
723,Segment 4,1157.29,2278.86,10,11.0
724,Segment 4,2124.86,2279.75,19,7.0
725,Segment 1,1777.64,1342.37,4,6.0
726,Segment 4,1593.38,3298.0,12,26.0
727,Segment 2,210.98,0.0,0,174.0
728,Segment 2,179.71,0.0,0,217.0
729,Segment 0,133.8,0.0,1,191.0
730,Segment 4,376.05,590.93,2,205.0
731,Segment 0,229.85,258.4,2,188.0
732,Segment 0,299.35,542.73,2,207.0
733,Segment 4,655.37,115.5,4,124.0
734,Segment 1,162.87,0.0,0,247.0
735,Segment 1,372.03,787.44,1,28.0
736,Segment 0,121.44,93.66,1,375.0
737,Segment 1,247.01,0.0,0,138.0
738,Segment 4,629.83,1535.85,3,34.0
739,Segment 0,108.4,0.0,0,408.0
740,Segment 1,103.03,0.0,2,411.0
741,Segment 0,212.6,0.0,4,251.0
742,Segment 0,86.36,0.0,0,531.0
743,Segment 4,330.76,361.11,9,222.0
744,Segment 2,343.97,329.37,3,92.0
745,Segment 0,350.64,0.0,5,200.0
746,Segment 4,253.63,390.09,1,57.0
747,Segment 1,395.22,0.0,3,167.0
748,Segment 0,230.45,87.4,4,231.0
749,Segment 4,678.35,2089.85,2,193.0
750,Segment 1,489.46,0.0,2,76.0
751,Segment 1,311.26,365.29,1,196.0
752,Segment 2,486.68,272.42,1,30.0
753,Segment 0,128.09,63.75,0,334.0
754,Segment 2,185.46,0.0,0,208.0
755,Segment 1,371.7,0.0,3,159.0
756,Segment 4,767.69,1360.61,9,53.0
757,Segment 2,167.58,0.0,0,238.0
758,Segment 0,119.86,15.0,1,295.0
759,Segment 4,380.11,570.56,1,11.0
760,Segment 2,568.11,910.15,2,14.0
761,Segment 1,803.77,297.78,3,14.0
762,Segment 2,156.99,0.0,0,259.0
763,Segment 4,725.56,945.58,7,23.0
764,Segment 0,91.5,0.0,0,497.0
765,Segment 4,2358.48,4110.45,6,62.0
766,Segment 4,1557.96,947.2,13,6.0
767,Segment 4,4399.97,6228.72,29,15.0
768,Segment 1,558.01,1008.59,2,21.0
769,Segment 4,2904.73,3306.66,9,11.0
770,Segment 2,166.51,0.0,0,240.0
771,Segment 4,1844.28,2195.62,13,67.0
772,Segment 2,264.58,0.0,0,124.0
773,Segment 1,1095.01,484.8,4,174.0
774,Segment 4,535.68,805.11,3,123.0
775,Segment 2,184.8,0.0,0,209.0
776,Segment 0,345.05,0.0,2,219.0
777,Segment 4,1049.76,1865.13,2,113.0
778,Segment 1,122.09,0.0,0,354.0
779,Segment 1,305.03,382.82,2,349.0
780,Segment 2,648.79,0.0,0,8.0
781,Segment 4,2932.49,7058.45,4,84.0
782,Segment 2,370.11,0.0,0,68.0
783,Segment 2,330.1,855.54,0,85.0
784,Segment 1,310.38,0.0,0,95.0
785,Segment 0,109.51,0.0,4,270.0
786,Segment 4,871.08,0.0,3,65.0
787,Segment 2,350.13,0.0,0,76.0
788,Segment 1,183.5,381.26,0,211.0
789,Segment 1,299.04,0.0,3,239.0
790,Segment 0,276.8,0.0,1,280.0
791,Segment 2,1873.77,1503.96,4,53.0
792,Segment 2,179.71,892.5,0,217.0
793,Segment 2,534.4,1490.62,0,25.0
794,Segment 2,167.04,0.0,0,239.0
795,Segment 2,546.51,0.0,3,64.0
796,Segment 1,211.84,0.0,0,173.0
797,Segment 1,206.8,0.0,0,179.0
798,Segment 1,373.72,0.0,1,313.0
799,Segment 4,1322.3,2324.55,3,84.0
800,Segment 2,194.52,0.0,1,222.0
801,Segment 2,160.37,772.9,0,252.0
802,Segment 2,980.45,199.76,1,11.0
803,Segment 1,296.63,0.0,1,204.0
804,Segment 2,166.51,0.0,0,240.0
805,Segment 4,1738.0,2555.46,7,15.0
806,Segment 4,426.89,0.0,4,88.0
807,Segment 0,122.96,0.0,0,351.0
808,Segment 1,609.98,4122.28,3,198.0
809,Segment 2,248.18,0.0,0,137.0
810,Segment 2,335.05,0.0,1,222.0
811,Segment 2,174.88,0.0,0,225.0
812,Segment 0,107.73,627.15,0,411.0
813,Segment 2,462.64,540.07,0,40.0
814,Segment 2,625.14,0.0,0,11.0
815,Segment 0,93.46,0.0,0,485.0
816,Segment 0,188.56,0.0,3,391.0
817,Segment 4,1503.21,1400.97,13,22.0
818,Segment 2,296.48,307.72,1,208.0
819,Segment 1,260.61,954.37,0,127.0
820,Segment 4,680.73,937.41,6,102.0
821,Segment 2,397.54,0.0,1,0.0
822,Segment 0,137.4,0.0,2,272.0
823,Segment 1,112.61,0.0,0,390.0
824,Segment 0,342.59,312.95,2,180.0
825,Segment 0,118.43,75.0,1,195.0
826,Segment 2,563.59,34.68,0,20.0
827,Segment 4,414.1,0.0,4,12.0
828,Segment 1,228.65,0.0,1,235.0
829,Segment 1,182.84,0.0,2,386.0
830,Segment 3,9932.4,16867.22,50,15.0
831,Segment 4,538.95,590.12,5,71.0
832,Segment 0,104.08,0.0,0,428.0
833,Segment 0,63.88,0.0,2,447.0
834,Segment 4,565.13,1000.5,3,104.0
835,Segment 0,143.88,0.0,2,280.0
836,Segment 0,84.54,712.5,0,544.0
837,Segment 4,307.38,404.83,3,13.0
838,Segment 4,2447.25,2752.79,17,12.0
839,Segment 4,807.21,1008.67,4,98.0
840,Segment 2,168.66,0.0,0,236.0
841,Segment 1,157.94,0.0,0,257.0
842,Segment 4,598.75,1222.64,2,102.0
843,Segment 4,1659.73,2273.3,14,46.0
844,Segment 4,268.26,368.1,3,23.0
845,Segment 0,131.97,201.78,0,322.0
846,Segment 4,561.99,1269.1,4,214.0
847,Segment 0,145.55,0.0,1,379.0
848,Segment 0,196.45,0.0,3,309.0
849,Segment 0,338.7,534.24,2,193.0
850,Segment 2,262.86,3794.49,1,184.0
851,Segment 0,121.81,0.0,0,355.0
852,Segment 4,436.82,0.0,2,63.0
853,Segment 1,116.41,0.0,2,231.0
854,Segment 2,167.04,296.64,0,239.0
855,Segment 0,59.46,0.0,2,475.0
856,Segment 0,267.83,0.0,5,256.0
857,Segment 2,319.98,0.0,1,182.0
858,Segment 0,102.85,0.0,0,434.0
859,Segment 1,173.9,0.0,10,238.0
860,Segment 4,1666.65,2081.68,8,26.0
861,Segment 4,1084.03,1365.18,8,12.0
862,Segment 4,1855.7,1308.78,8,19.0
863,Segment 2,450.18,0.0,2,67.0
864,Segment 1,305.08,171.98,1,97.0
865,Segment 0,99.9,0.0,0,449.0
866,Segment 1,481.1,365.4,4,174.0
867,Segment 1,596.18,1559.06,0,15.0
868,Segment 0,65.66,0.0,1,496.0
869,Segment 1,4526.24,3966.35,7,22.0
870,Segment 0,166.99,0.0,1,432.0
871,Segment 1,822.37,1445.0,2,215.0
872,Segment 4,391.18,0.0,4,60.0
873,Segment 4,734.16,674.68,3,202.0
874,Segment 0,210.07,0.0,1,254.0
875,Segment 0,230.94,297.95,2,216.0
876,Segment 3,3211.93,2074.13,53,9.0
877,Segment 0,97.66,0.0,0,461.0
878,Segment 0,215.39,0.0,1,271.0
879,Segment 4,610.93,181.38,5,140.0
880,Segment 2,304.33,0.0,2,44.0
881,Segment 2,1217.16,153.3,2,25.0
882,Segment 4,493.82,510.87,3,89.0
883,Segment 4,576.62,938.55,5,19.0
884,Segment 1,477.69,0.0,3,277.0
885,Segment 1,397.39,0.0,3,8.0
886,Segment 0,139.74,0.0,1,224.0
887,Segment 4,891.49,810.57,6,0.0
888,Segment 4,177.19,0.0,1,40.0
889,Segment 4,321.86,0.0,2,49.0
890,Segment 4,928.1,0.0,8,41.0
891,Segment 4,272.39,166.6,3,21.0
892,Segment 4,3481.54,3432.93,12,4.0
893,Segment 2,431.9,213.84,1,97.0
894,Segment 0,97.48,0.0,0,462.0
895,Segment 4,1293.49,184.19,24,55.0
896,Segment 2,551.53,954.54,0,22.0
897,Segment 2,625.07,0.0,1,83.0
898,Segment 2,271.49,0.0,0,119.0
899,Segment 4,1090.93,972.44,7,40.0
900,Segment 1,217.14,152.32,0,167.0
901,Segment 4,413.25,0.0,5,90.0
902,Segment 0,85.37,0.0,0,538.0
903,Segment 2,694.21,692.37,1,33.0
904,Segment 2,184.8,1136.77,0,209.0
905,Segment 1,929.65,0.0,2,96.0
906,Segment 4,298.22,102.84,3,82.0
907,Segment 1,256.83,216.85,2,287.0
908,Segment 1,1503.42,1991.54,1,0.0
909,Segment 2,566.24,0.0,4,124.0
910,Segment 4,151.11,0.0,1,51.0
911,Segment 2,452.3,314.7,3,62.0
912,Segment 4,732.03,1785.16,5,183.0
913,Segment 1,93.63,0.0,0,484.0
914,Segment 4,348.12,0.0,3,68.0
915,Segment 1,190.26,205.1,1,249.0
916,Segment 0,190.56,152.2,2,236.0
917,Segment 4,247.24,687.72,2,55.0
918,Segment 2,280.03,1243.41,1,46.0
919,Segment 2,161.36,110.8,0,250.0
920,Segment 4,1029.7,1728.45,7,67.0
921,Segment 4,1462.24,1595.64,2,7.0
922,Segment 2,523.56,520.98,0,27.0
923,Segment 2,404.77,345.9,0,56.0
924,Segment 1,84.27,0.0,0,546.0
925,Segment 4,959.48,1632.97,6,9.0
926,Segment 2,617.64,126.66,0,12.0
927,Segment 0,101.26,0.0,0,442.0
928,Segment 4,430.0,0.0,4,13.0
929,Segment 2,352.51,124.15,0,75.0
930,Segment 1,2049.21,3115.56,17,7.0
931,Segment 2,184.15,0.0,0,210.0
932,Segment 2,245.33,0.0,1,233.0
933,Segment 4,653.77,776.55,6,82.0
934,Segment 4,489.95,315.69,5,48.0
935,Segment 0,172.14,0.0,1,275.0
936,Segment 1,246.6,0.0,1,235.0
937,Segment 4,284.82,0.0,16,184.0
938,Segment 0,214.32,0.0,1,442.0
939,Segment 4,272.41,163.05,3,48.0
940,Segment 2,216.03,0.0,1,198.0
941,Segment 2,462.23,438.83,2,8.0
942,Segment 2,180.33,0.0,0,216.0
943,Segment 2,293.51,397.15,1,51.0
944,Segment 2,584.07,405.65,3,0.0
945,Segment 2,197.4,0.0,0,191.0
946,Segment 4,137.06,0.0,1,127.0
947,Segment 1,1480.75,1830.03,8,13.0
948,Segment 0,93.97,0.0,0,482.0
949,Segment 1,250.59,0.0,5,188.0
950,Segment 4,1840.66,2508.83,7,9.0
951,Segment 2,166.41,0.0,1,237.0
952,Segment 4,790.13,343.38,10,88.0
953,Segment 0,258.53,0.0,1,320.0
954,Segment 4,685.75,0.0,9,23.0
955,Segment 4,922.11,1196.06,4,53.0
956,Segment 4,400.86,0.0,24,162.0
957,Segment 2,247.85,130.04,1,142.0
958,Segment 4,259.14,856.84,2,242.0
959,Segment 1,322.21,0.0,2,236.0
960,Segment 2,272.56,227.3,2,175.0
961,Segment 2,421.23,0.0,0,51.0
962,Segment 4,950.02,1696.34,16,0.0
963,Segment 2,610.31,0.0,0,13.0
964,Segment 4,315.17,258.48,3,61.0
965,Segment 2,178.48,0.0,0,219.0
966,Segment 4,2176.62,3967.55,16,27.0
967,Segment 4,712.11,1301.55,6,49.0
968,Segment 2,179.71,0.0,0,217.0
969,Segment 4,315.17,302.34,3,177.0
970,Segment 2,181.58,0.0,0,214.0
971,Segment 2,257.05,0.0,1,117.0
972,Segment 0,165.75,0.0,1,197.0
973,Segment 0,93.13,781.03,0,487.0
974,Segment 1,214.2,0.0,1,114.0
975,Segment 0,224.64,0.0,2,338.0
976,Segment 0,123.54,0.0,0,349.0
977,Segment 0,205.16,347.0,1,257.0
978,Segment 2,383.8,2336.62,0,63.0
979,Segment 0,207.56,379.65,3,257.0
980,Segment 4,1561.0,1064.09,13,7.0
981,Segment 4,607.59,340.9,5,12.0
982,Segment 2,605.15,42.45,2,13.0
983,Segment 4,1436.75,1014.13,10,71.0
984,Segment 0,142.42,396.97,0,293.0
985,Segment 0,144.8,0.0,2,324.0
986,Segment 1,163.36,0.0,1,208.0
987,Segment 0,175.73,147.29,2,303.0
988,Segment 1,1808.89,3097.73,12,6.0
989,Segment 4,181.36,0.0,1,120.0
990,Segment 4,406.05,320.12,2,19.0
991,Segment 0,276.78,428.89,2,189.0
992,Segment 1,96.75,0.0,0,466.0
993,Segment 0,238.14,0.0,1,195.0
994,Segment 2,449.55,30.12,1,51.0
995,Segment 1,184.15,675.51,0,210.0
996,Segment 0,123.83,0.0,0,348.0
997,Segment 0,110.0,0.0,0,401.0
998,Segment 4,431.35,731.16,8,51.0
999,Segment 4,625.43,837.65,7,167.0
1000,Segment 1,101.65,0.0,0,440.0
1001,Segment 0,253.8,0.0,2,260.0
1002,Segment 2,376.36,1379.71,2,138.0
1003,Segment 4,1685.54,0.0,7,126.0
1004,Segment 0,111.7,0.0,1,376.0
1005,Segment 2,197.22,544.18,4,216.0
1006,Segment 0,122.13,0.0,1,352.0
1007,Segment 0,127.46,0.0,0,336.0
1008,Segment 1,90.39,0.0,0,504.0
1009,Segment 4,605.64,188.57,8,18.0
1010,Segment 1,193.73,0.0,0,196.0
1011,Segment 0,109.31,0.0,0,404.0
1012,Segment 1,379.07,0.0,1,60.0
1013,Segment 4,428.28,1018.1,3,12.0
1014,Segment 0,93.63,0.0,0,484.0
1015,Segment 4,2721.64,4904.36,11,18.0
1016,Segment 2,731.59,1279.92,1,53.0
1017,Segment 2,1796.25,1691.77,2,9.0
1018,Segment 4,752.71,1508.24,4,41.0
1019,Segment 4,1107.65,949.75,9,50.0
1020,Segment 4,454.65,1071.03,2,250.0
1021,Segment 2,713.94,407.67,2,60.0
1022,Segment 2,488.88,387.9,0,34.0
1023,Segment 2,164.41,1033.34,0,244.0
1024,Segment 0,105.98,0.0,0,419.0
1025,Segment 0,132.43,0.0,2,448.0
1026,Segment 1,347.05,0.0,1,23.0
1027,Segment 4,416.49,519.44,6,190.0
1028,Segment 2,186.12,0.0,0,207.0
1029,Segment 4,659.94,1215.58,3,42.0
1030,Segment 4,416.39,0.0,6,208.0
1031,Segment 2,647.96,0.0,5,64.0
1032,Segment 4,613.85,1090.82,5,15.0
1033,Segment 1,198.9,79.2,0,189.0
1034,Segment 4,567.98,456.84,3,64.0
1035,Segment 0,141.64,0.0,0,295.0
1036,Segment 4,1451.06,1534.49,7,9.0
1037,Segment 4,577.91,549.32,4,49.0
1038,Segment 4,302.15,216.95,2,145.0
1039,Segment 2,640.71,229.8,0,9.0
1040,Segment 4,1098.16,1705.87,4,12.0
1041,Segment 4,1593.42,0.0,10,13.0
1042,Segment 1,185.46,0.0,0,208.0
1043,Segment 0,107.73,0.0,0,411.0
1044,Segment 1,626.65,364.82,5,20.0
1045,Segment 4,485.46,189.47,3,188.0
1046,Segment 2,523.17,0.0,2,194.0
1047,Segment 4,131.64,20.6,2,95.0
1048,Segment 4,3027.75,2507.19,24,9.0
1049,Segment 2,180.95,218.55,0,215.0
1050,Segment 2,189.5,0.0,0,202.0
1051,Segment 4,131.42,0.0,1,109.0
1052,Segment 1,166.51,0.0,0,240.0
1053,Segment 2,316.04,178.38,0,92.0
1054,Segment 0,123.75,0.0,1,347.0
1055,Segment 2,232.44,0.0,1,212.0
1056,Segment 0,128.91,0.0,2,301.0
1057,Segment 4,2138.28,1327.53,8,147.0
1058,Segment 2,154.2,0.0,0,265.0
1059,Segment 1,267.68,0.0,3,93.0
1060,Segment 2,223.88,72.0,1,188.0
1061,Segment 2,163.38,0.0,0,246.0
1062,Segment 0,101.06,0.0,0,443.0
1063,Segment 2,160.37,910.0,0,252.0
1064,Segment 2,188.14,0.0,0,204.0
1065,Segment 1,980.36,616.74,3,21.0
1066,Segment 4,502.72,0.0,8,182.0
1067,Segment 3,46288.44,36632.91,67,0.0
1068,Segment 4,265.07,2218.65,4,21.0
1069,Segment 0,564.41,0.0,2,229.0
1070,Segment 0,135.46,0.0,1,404.0
1071,Segment 1,120.96,308.58,0,358.0
1072,Segment 4,520.17,1321.46,6,48.0
1073,Segment 1,159.39,0.0,0,254.0
1074,Segment 2,159.87,0.0,0,253.0
1075,Segment 2,261.92,0.0,0,126.0
1076,Segment 0,435.86,393.72,4,181.0
1077,Segment 4,216.44,0.0,1,110.0
1078,Segment 4,1195.5,0.0,3,75.0
1079,Segment 2,343.19,0.0,0,79.0
1080,Segment 4,520.49,5774.41,4,123.0
1081,Segment 0,145.93,180.48,1,231.0
1082,Segment 4,584.49,0.0,7,26.0
1083,Segment 4,195.94,0.0,1,54.0
1084,Segment 0,275.7,0.0,2,216.0
1085,Segment 2,150.64,0.0,0,273.0
1086,Segment 4,2350.57,0.0,15,89.0
1087,Segment 2,347.78,0.0,0,77.0
1088,Segment 1,502.89,874.42,3,48.0
1089,Segment 2,499.17,0.0,1,54.0
1090,Segment 4,832.35,702.94,7,13.0
1091,Segment 2,617.41,367.8,1,46.0
1092,Segment 2,188.82,524.14,0,203.0
1093,Segment 4,1413.61,905.69,4,90.0
1094,Segment 4,450.5,0.0,4,25.0
1095,Segment 0,100.67,0.0,0,445.0
1096,Segment 1,1016.69,228.96,5,33.0
1097,Segment 0,90.37,333.48,3,419.0
1098,Segment 4,783.07,522.21,12,6.0
1099,Segment 0,190.13,0.0,2,243.0
1100,Segment 2,827.61,0.0,1,27.0
1101,Segment 0,175.45,0.0,1,218.0
1102,Segment 1,190.56,0.0,1,316.0
1103,Segment 1,2166.76,1942.44,8,42.0
1104,Segment 1,572.97,372.27,4,68.0
1105,Segment 2,648.79,0.0,0,8.0
1106,Segment 2,188.14,0.0,0,204.0
1107,Segment 0,127.77,216.9,0,335.0
1108,Segment 4,471.04,0.0,4,48.0
1109,Segment 1,534.4,505.47,0,25.0
1110,Segment 2,1329.56,1472.84,4,21.0
1111,Segment 2,660.27,986.99,1,25.0
1112,Segment 2,301.38,263.2,0,100.0
1113,Segment 1,122.09,291.54,0,354.0
1114,Segment 2,177.26,0.0,0,221.0
1115,Segment 2,210.08,0.0,1,181.0
1116,Segment 4,551.24,367.4,6,40.0
1117,Segment 4,897.82,958.46,7,104.0
1118,Segment 2,308.54,0.0,0,96.0
1119,Segment 2,469.75,450.71,3,16.0
1120,Segment 4,498.64,0.0,3,95.0
1121,Segment 2,255.48,126.6,1,125.0
1122,Segment 4,1533.79,3741.51,12,13.0
1123,Segment 0,93.97,0.0,0,482.0
1124,Segment 4,2096.61,839.03,11,9.0
1125,Segment 4,464.05,151.7,3,64.0
1126,Segment 0,225.17,1070.65,2,310.0
1127,Segment 0,187.87,0.0,3,401.0
1128,Segment 1,242.46,1714.96,1,225.0
1129,Segment 4,407.83,1016.53,2,145.0
1130,Segment 0,97.66,0.0,0,461.0
1131,Segment 0,138.63,0.0,0,303.0
1132,Segment 3,6928.73,9799.77,45,11.0
1133,Segment 0,73.11,0.0,1,534.0
1134,Segment 4,1304.38,1335.06,13,15.0
1135,Segment 0,251.13,0.0,3,230.0
1136,Segment 4,1344.26,1169.6,5,7.0
1137,Segment 4,649.55,894.21,4,47.0
1138,Segment 0,165.61,0.0,1,204.0
1139,Segment 0,110.7,0.0,0,398.0
1140,Segment 4,8306.3,16039.2,33,15.0
1141,Segment 0,217.36,178.7,2,299.0
1142,Segment 0,131.64,0.0,0,323.0
1143,Segment 2,180.95,360.01,0,215.0
1144,Segment 4,235.69,0.0,2,58.0
1145,Segment 4,440.34,547.56,8,42.0
1146,Segment 0,308.61,0.0,3,295.0
1147,Segment 2,663.97,1690.32,7,26.0
1148,Segment 2,224.32,0.0,2,236.0
1149,Segment 4,713.81,0.0,5,175.0
1150,Segment 1,334.21,202.64,4,172.0
1151,Segment 0,135.05,0.0,0,313.0
1152,Segment 2,193.73,0.0,0,196.0
1153,Segment 2,235.11,120.95,1,95.0
1154,Segment 0,98.95,0.0,0,454.0
1155,Segment 0,122.09,0.0,0,354.0
1156,Segment 0,296.05,0.0,3,196.0
1157,Segment 0,137.18,0.0,0,307.0
1158,Segment 4,331.16,0.0,2,244.0
1159,Segment 3,17965.07,14760.69,73,4.0
1160,Segment 4,705.82,347.16,7,102.0
1161,Segment 4,413.72,0.0,2,117.0
1162,Segment 4,7884.47,1048.36,16,62.0
1163,Segment 4,422.82,0.0,2,63.0
1164,Segment 2,563.78,1864.76,2,97.0
1165,Segment 0,184.3,0.0,2,175.0
1166,Segment 2,431.03,0.0,2,113.0
1167,Segment 2,435.39,297.0,0,47.0
1168,Segment 1,242.24,1155.41,3,335.0
1169,Segment 1,127.77,1562.12,0,335.0
1170,Segment 4,1057.32,2732.9,4,126.0
1171,Segment 2,224.63,218.28,0,159.0
1172,Segment 2,168.12,0.0,0,237.0
1173,Segment 4,663.11,0.0,5,109.0
1174,Segment 4,221.2,0.0,2,226.0
1175,Segment 4,398.75,115.49,4,69.0
1176,Segment 4,621.56,957.66,4,188.0
1177,Segment 4,1088.11,465.96,9,11.0
1178,Segment 0,99.67,0.0,1,429.0
1179,Segment 1,112.86,0.0,0,389.0
1180,Segment 4,1496.47,1105.0,14,8.0
1181,Segment 2,172.0,40.95,0,230.0
1182,Segment 2,182.86,383.85,0,212.0
1183,Segment 0,113.21,0.0,1,384.0
1184,Segment 4,273.88,506.12,3,23.0
1185,Segment 1,274.36,0.0,1,207.0
1186,Segment 2,431.95,0.0,1,19.0
1187,Segment 4,455.68,444.16,3,177.0
1188,Segment 0,142.03,0.0,0,294.0
1189,Segment 2,175.47,0.0,0,224.0
1190,Segment 2,392.51,0.0,0,60.0
1191,Segment 4,1275.48,1557.15,12,7.0
1192,Segment 2,198.9,0.0,0,189.0
1193,Segment 1,602.65,201.13,2,50.0
1194,Segment 0,86.93,0.0,0,527.0
1195,Segment 4,730.61,320.0,6,105.0
1196,Segment 4,524.21,1537.95,2,205.0
1197,Segment 4,720.47,2405.14,4,96.0
1198,Segment 1,106.2,0.0,0,418.0
1199,Segment 4,2918.65,2949.98,28,4.0
1200,Segment 0,282.94,0.0,3,308.0
1201,Segment 4,400.76,269.0,8,11.0
1202,Segment 4,336.67,0.0,4,201.0
1203,Segment 2,217.37,0.0,1,134.0
1204,Segment 1,178.81,0.0,1,237.0
1205,Segment 2,765.92,1344.6,3,40.0
1206,Segment 4,465.56,0.0,3,55.0
1207,Segment 2,195.18,0.0,0,194.0
1208,Segment 2,306.72,378.26,0,97.0
1209,Segment 2,528.92,866.24,0,26.0
1210,Segment 4,1728.41,1510.49,8,70.0
1211,Segment 4,1011.88,2207.22,6,95.0
1212,Segment 4,1098.08,3994.07,8,14.0
1213,Segment 1,226.01,0.0,2,335.0
1214,Segment 4,382.02,159.2,6,26.0
1215,Segment 4,619.73,0.0,6,166.0
1216,Segment 4,1158.11,1103.11,9,65.0
1217,Segment 1,143.11,117.24,1,278.0
1218,Segment 0,145.99,1271.57,2,355.0
1219,Segment 0,99.14,0.0,0,453.0
1220,Segment 4,921.21,2193.14,8,25.0
1221,Segment 4,9889.94,13420.06,18,21.0
1222,Segment 1,1838.79,895.55,9,26.0
1223,Segment 1,635.38,591.35,5,85.0
1224,Segment 2,648.79,107.65,0,8.0
1225,Segment 2,617.64,0.0,0,12.0
1226,Segment 4,648.49,366.11,3,26.0
1227,Segment 4,423.87,416.9,4,190.0
1228,Segment 1,365.06,1675.61,4,166.0
1229,Segment 4,278.86,0.0,2,186.0
1230,Segment 2,205.3,578.45,2,54.0
1231,Segment 2,292.89,0.0,0,105.0
1232,Segment 1,272.91,386.16,0,118.0
1233,Segment 1,200.98,2588.12,1,323.0
1234,Segment 0,103.06,0.0,0,433.0
1235,Segment 0,196.0,311.16,1,246.0
1236,Segment 2,272.38,0.0,1,133.0
1237,Segment 2,336.51,90.02,0,82.0
1238,Segment 4,600.05,8.5,4,0.0
1239,Segment 4,1062.19,2218.9,8,64.0
1240,Segment 3,687.39,0.0,4,440.0
1241,Segment 2,185.46,0.0,0,208.0
1242,Segment 2,297.93,131.52,0,102.0
1243,Segment 1,85.09,0.0,0,540.0
1244,Segment 2,179.71,0.0,0,217.0
1245,Segment 0,91.18,0.0,0,499.0
1246,Segment 2,685.54,1538.44,1,22.0
1247,Segment 0,191.22,0.0,1,231.0
1248,Segment 4,1250.82,877.0,15,5.0
1249,Segment 2,171.44,0.0,0,231.0
1250,Segment 0,134.7,0.0,0,314.0
1251,Segment 2,189.5,0.0,0,202.0
1252,Segment 0,307.75,0.0,3,271.0
1253,Segment 2,389.57,1014.64,0,61.0
1254,Segment 0,232.76,314.16,1,232.0
1255,Segment 0,426.94,0.0,3,239.0
1256,Segment 0,262.15,0.0,3,210.0
1257,Segment 1,336.35,0.0,2,159.0
1258,Segment 1,163.89,348.99,0,245.0
1259,Segment 4,876.4,429.8,7,134.0
1260,Segment 4,1001.17,852.72,6,88.0
1261,Segment 2,297.93,0.0,0,102.0
1262,Segment 2,362.35,0.0,0,71.0
1263,Segment 0,478.72,0.0,2,404.0
1264,Segment 2,237.81,361.28,1,190.0
1265,Segment 1,184.15,158.85,0,210.0
1266,Segment 1,463.11,384.05,4,119.0
1267,Segment 4,1795.55,2994.0,10,105.0
1268,Segment 0,125.62,0.0,0,342.0
1269,Segment 0,113.84,0.0,0,385.0
1270,Segment 0,97.66,0.0,0,461.0
1271,Segment 2,275.82,0.0,1,202.0
1272,Segment 4,505.72,75.6,4,9.0
1273,Segment 4,206.83,0.0,3,168.0
1274,Segment 2,411.2,549.25,0,54.0
1275,Segment 2,598.17,158.4,1,44.0
1276,Segment 4,3576.74,0.0,10,25.0
1277,Segment 4,1399.54,1765.68,7,18.0
1278,Segment 2,338.3,117.86,1,113.0
1279,Segment 2,555.22,728.95,1,51.0
1280,Segment 0,209.37,0.0,2,225.0
1281,Segment 1,1063.19,0.0,4,187.0
1282,Segment 2,492.82,256.6,4,89.0
1283,Segment 1,190.89,0.0,0,200.0
1284,Segment 2,250.65,51.95,1,53.0
1285,Segment 4,588.0,0.0,16,116.0
1286,Segment 1,221.27,0.0,1,195.0
1287,Segment 1,154.64,0.0,2,284.0
1288,Segment 2,164.93,0.0,0,243.0
1289,Segment 2,188.14,80.7,0,204.0
1290,Segment 2,171.44,0.0,0,231.0
1291,Segment 4,1962.82,7453.74,20,26.0
1292,Segment 2,386.68,0.0,1,194.0
1293,Segment 4,943.03,1775.44,8,22.0
1294,Segment 2,640.71,44.35,0,9.0
1295,Segment 2,310.38,0.0,0,95.0
1296,Segment 1,112.61,413.59,0,390.0
1297,Segment 4,1149.06,1507.23,7,23.0
1298,Segment 4,408.89,0.0,3,14.0
1299,Segment 2,178.48,0.0,0,219.0
1300,Segment 4,664.48,869.87,4,201.0
1301,Segment 1,185.24,200.14,3,247.0
1302,Segment 1,176.07,0.0,0,223.0
1303,Segment 1,747.71,961.26,6,134.0
1304,Segment 4,1731.2,1055.51,13,40.0
1305,Segment 4,380.29,203.28,7,133.0
1306,Segment 4,1233.89,6383.73,8,22.0
1307,Segment 2,305.87,0.0,1,187.0
1308,Segment 4,685.76,2749.37,3,8.0
1309,Segment 4,639.54,369.41,3,47.0
1310,Segment 2,557.49,0.0,0,21.0
1311,Segment 2,187.78,76.8,1,188.0
1312,Segment 4,1368.25,1923.19,12,13.0
1313,Segment 4,893.02,1083.24,9,53.0
1314,Segment 2,334.76,0.0,1,194.0
1315,Segment 0,152.87,0.0,1,327.0
1316,Segment 0,200.15,0.0,2,254.0
1317,Segment 4,2061.6,2620.84,20,22.0
1318,Segment 4,585.05,0.0,4,19.0
1319,Segment 4,1577.17,733.94,6,40.0
1320,Segment 0,85.09,0.0,0,540.0
1321,Segment 2,1036.38,3682.62,2,96.0
1322,Segment 2,545.7,2687.56,0,23.0
1323,Segment 4,642.61,300.1,5,49.0
1324,Segment 0,132.64,0.0,0,320.0
1325,Segment 1,166.51,0.0,0,240.0
1326,Segment 2,519.53,0.0,2,6.0
1327,Segment 1,116.9,0.0,0,373.0
1328,Segment 1,154.76,0.0,1,288.0
1329,Segment 2,330.1,0.0,0,85.0
1330,Segment 4,306.86,354.52,2,83.0
1331,Segment 4,485.72,505.18,1,184.0
1332,Segment 4,2954.53,963.83,9,15.0
1333,Segment 0,115.35,0.0,0,379.0
1334,Segment 0,99.14,0.0,0,453.0
1335,Segment 1,202.36,642.8,1,284.0
1336,Segment 4,627.48,130.2,5,19.0
1337,Segment 2,346.84,0.0,1,33.0
1338,Segment 2,398.55,310.93,0,58.0
1339,Segment 2,192.3,327.7,0,198.0
1340,Segment 0,94.08,0.0,7,272.0
1341,Segment 0,195.17,0.0,1,278.0
1342,Segment 1,120.96,0.0,0,358.0
1343,Segment 4,1847.73,923.82,12,51.0
1344,Segment 4,7897.48,7966.3,30,4.0
1345,Segment 4,939.45,1434.17,9,14.0
1346,Segment 0,119.58,0.0,0,363.0
1347,Segment 4,785.83,727.44,5,75.0
1348,Segment 2,316.04,0.0,0,92.0
1349,Segment 4,230.65,35.4,4,172.0
1350,Segment 1,548.37,844.06,2,15.0
1351,Segment 0,114.34,152.2,0,383.0
1352,Segment 4,3003.56,2053.16,25,23.0
1353,Segment 2,354.92,0.0,0,74.0
1354,Segment 0,86.07,0.0,0,533.0
1355,Segment 0,125.3,0.0,1,299.0
1356,Segment 4,810.47,475.98,5,117.0
1357,Segment 4,2127.89,408.0,11,145.0
1358,Segment 2,316.04,0.0,0,92.0
1359,Segment 4,1004.12,672.69,9,7.0
1360,Segment 1,422.12,0.0,1,113.0
1361,Segment 1,3515.65,2557.61,7,8.0
1362,Segment 4,3368.44,9776.91,22,21.0
1363,Segment 2,192.3,225.36,0,198.0
1364,Segment 2,201.19,260.25,1,205.0
1365,Segment 0,192.42,725.64,1,385.0
1366,Segment 2,3321.52,4814.6,9,5.0
1367,Segment 4,1479.12,3541.43,10,7.0
1368,Segment 0,167.11,0.0,1,270.0
1369,Segment 2,354.92,0.0,0,74.0
1370,Segment 4,2114.11,3178.28,18,13.0
1371,Segment 0,209.64,0.0,2,315.0
1372,Segment 4,5706.32,5630.22,15,47.0
1373,Segment 0,1.54,0.0,6,494.0
1374,Segment 4,793.98,492.18,11,19.0
1375,Segment 2,342.01,0.0,2,197.0
1376,Segment 2,354.92,0.0,0,74.0
1377,Segment 4,411.33,0.0,3,128.0
1378,Segment 0,130.23,0.0,1,322.0
1379,Segment 0,92.31,0.0,0,492.0
1380,Segment 2,359.84,1065.94,0,72.0
1381,Segment 0,95.34,0.0,0,474.0
1382,Segment 0,103.46,0.0,0,431.0
1383,Segment 2,514.86,634.34,2,69.0
1384,Segment 2,358.41,299.81,2,33.0
1385,Segment 4,401.87,465.39,6,21.0
1386,Segment 4,296.85,45.6,3,221.0
1387,Segment 4,1218.22,0.0,7,110.0
1388,Segment 2,272.7,0.0,1,172.0
1389,Segment 4,265.25,528.96,5,7.0
1390,Segment 0,132.64,0.0,0,320.0
1391,Segment 4,2442.91,1636.13,22,6.0
1392,Segment 0,151.96,0.0,0,270.0
1393,Segment 1,187.78,191.47,1,212.0
1394,Segment 4,4046.3,42870.58,2,130.0
1395,Segment 2,254.24,0.0,0,132.0
1396,Segment 4,683.02,0.0,1,462.0
1397,Segment 4,1590.65,2275.28,15,4.0
1398,Segment 1,162.87,0.0,0,247.0
1399,Segment 0,86.5,0.0,0,530.0
1400,Segment 0,178.9,0.0,1,289.0
1401,Segment 4,1174.53,1782.71,13,26.0
1402,Segment 4,2849.26,1817.4,10,5.0
1403,Segment 2,253.68,216.21,2,197.0
1404,Segment 1,1572.73,0.0,4,47.0
1405,Segment 0,84.4,0.0,0,545.0
1406,Segment 4,1126.7,1228.15,7,28.0
1407,Segment 0,58.99,594.16,1,539.0
1408,Segment 4,2702.42,3981.63,21,28.0
1409,Segment 2,428.19,594.4,0,49.0
1410,Segment 4,1095.49,1704.67,6,11.0
1411,Segment 4,934.55,1402.77,10,183.0
1412,Segment 4,512.89,0.0,6,81.0
1413,Segment 0,221.27,0.0,1,309.0
1414,Segment 2,168.66,0.0,0,236.0
1415,Segment 1,124.87,0.0,1,183.0
1416,Segment 1,156.81,0.0,2,214.0
1417,Segment 0,84.95,0.0,0,541.0
1418,Segment 2,160.37,643.63,0,252.0
1419,Segment 2,844.84,257.48,4,64.0
1420,Segment 1,247.65,331.96,1,63.0
1421,Segment 4,669.23,764.96,4,68.0
1422,Segment 4,515.69,0.0,3,127.0
1423,Segment 0,98.58,0.0,0,456.0
1424,Segment 4,173.24,287.64,1,123.0
1425,Segment 4,1946.52,0.0,10,190.0
1426,Segment 4,1744.83,2569.05,15,28.0
1427,Segment 4,414.48,0.0,4,208.0
1428,Segment 1,90.55,0.0,0,503.0
1429,Segment 0,146.41,415.82,2,298.0
1430,Segment 1,198.42,0.0,1,181.0
1431,Segment 0,142.03,0.0,0,294.0
1432,Segment 4,1365.78,2019.6,3,25.0
1433,Segment 4,1665.86,2287.27,5,62.0
1434,Segment 4,619.32,285.6,5,93.0
1435,Segment 2,288.91,0.0,1,41.0
1436,Segment 1,518.3,0.0,0,28.0
1437,Segment 2,217.14,352.46,0,167.0
1438,Segment 0,109.36,0.0,1,481.0
1439,Segment 4,564.13,306.78,4,42.0
1440,Segment 0,143.2,0.0,0,291.0
1441,Segment 4,1815.46,0.0,4,47.0
1442,Segment 2,354.92,0.0,0,74.0
1443,Segment 3,67650.33,72505.48,86,15.0
1444,Segment 4,328.6,155.71,3,93.0
1445,Segment 4,1024.86,3972.32,9,64.0
1446,Segment 0,14.31,0.0,6,418.0
1447,Segment 4,845.0,0.0,6,23.0
1448,Segment 2,301.38,111.68,0,100.0
1449,Segment 2,549.19,1696.12,2,7.0
1450,Segment 2,334.35,0.0,0,83.0
1451,Segment 0,139.75,0.0,1,313.0
1452,Segment 4,377.84,303.59,5,71.0
1453,Segment 1,148.41,0.0,1,228.0
1454,Segment 2,185.52,0.0,1,238.0
1455,Segment 2,293.44,0.0,2,183.0
1456,Segment 0,85.37,363.79,0,538.0
1457,Segment 0,59.48,0.0,2,413.0
1458,Segment 4,171.08,336.8,2,27.0
1459,Segment 1,1280.28,2845.08,5,137.0
1460,Segment 2,545.93,0.0,3,105.0
1461,Segment 4,429.55,544.01,5,189.0
1462,Segment 4,2070.6,1464.05,21,13.0
1463,Segment 0,158.69,0.0,1,218.0
1464,Segment 0,232.69,0.0,3,251.0
1465,Segment 2,196.26,0.0,1,219.0
1466,Segment 2,245.84,0.0,0,139.0
1467,Segment 0,423.26,0.0,4,235.0
1468,Segment 0,147.24,0.0,0,281.0
1469,Segment 2,603.87,1258.01,1,22.0
1470,Segment 2,1678.0,2467.89,7,8.0
1471,Segment 0,95.34,0.0,0,474.0
1472,Segment 4,261.47,4255.66,3,7.0
1473,Segment 2,193.73,0.0,0,196.0
1474,Segment 2,438.47,430.85,1,77.0
1475,Segment 4,3234.06,7874.33,13,4.0
1476,Segment 1,698.55,0.0,4,9.0
1477,Segment 2,179.09,0.0,0,218.0
1478,Segment 4,392.36,490.1,5,47.0
1479,Segment 1,490.29,0.0,3,26.0
1480,Segment 0,104.71,0.0,0,425.0
1481,Segment 4,378.49,383.18,5,23.0
1482,Segment 0,302.26,0.0,2,189.0
1483,Segment 2,187.46,0.0,0,205.0
1484,Segment 4,222.77,150.61,2,230.0
1485,Segment 4,690.35,243.8,6,72.0
1486,Segment 2,581.27,0.0,2,47.0
1487,Segment 0,91.82,0.0,0,495.0
1488,Segment 0,120.68,151.74,0,359.0
1489,Segment 4,1315.07,990.28,11,21.0
1490,Segment 4,1569.48,301.24,13,5.0
1491,Segment 4,953.51,1327.46,11,15.0
1492,Segment 2,159.87,1070.48,0,253.0
1493,Segment 1,330.1,365.73,0,85.0
1494,Segment 4,642.8,867.61,5,123.0
1495,Segment 1,176.66,1839.3,0,222.0
1496,Segment 4,877.85,1141.42,12,15.0
1497,Segment 2,196.98,89.94,1,217.0
1498,Segment 4,597.09,0.0,3,55.0
1499,Segment 4,1422.27,2563.87,8,14.0
1500,Segment 1,359.84,686.23,0,72.0
1501,Segment 4,571.54,517.66,6,23.0
1502,Segment 4,445.19,0.0,3,242.0
1503,Segment 1,1034.1,522.79,2,18.0
1504,Segment 4,1744.68,926.69,7,4.0
1505,Segment 0,310.79,0.0,2,245.0
1506,Segment 1,774.62,785.07,4,99.0
1507,Segment 0,281.11,0.0,1,243.0
1508,Segment 2,487.66,227.86,2,40.0
1509,Segment 1,359.84,1352.4,0,72.0
1510,Segment 4,753.94,488.41,5,19.0
1511,Segment 4,982.58,1829.31,4,34.0
1512,Segment 1,468.49,301.56,3,180.0
1513,Segment 1,174.8,0.0,1,181.0
1514,Segment 4,177.93,0.0,2,134.0
1515,Segment 4,1016.89,1085.81,15,8.0
1516,Segment 2,314.89,663.49,1,33.0
1517,Segment 0,90.39,213.7,0,504.0
1518,Segment 2,399.12,0.0,1,42.0
1519,Segment 4,1897.55,1037.81,11,53.0
1520,Segment 1,96.4,0.0,0,468.0
1521,Segment 1,1116.18,0.0,1,27.0
1522,Segment 2,414.49,1024.42,0,53.0
1523,Segment 4,378.53,0.0,4,86.0
1524,Segment 2,437.7,0.0,2,126.0
1525,Segment 4,1017.14,0.0,7,218.0
1526,Segment 2,198.9,0.0,0,189.0
1527,Segment 0,147.21,0.0,1,301.0
1528,Segment 2,166.51,0.0,0,240.0
1529,Segment 4,548.5,0.0,3,68.0
1530,Segment 4,828.98,2479.58,4,126.0
1531,Segment 4,7623.76,5045.16,18,7.0
1532,Segment 0,200.03,0.0,1,279.0
1533,Segment 2,431.76,2378.23,0,48.0
1534,Segment 2,171.44,0.0,0,231.0
1535,Segment 4,421.35,218.27,4,53.0
1536,Segment 0,270.11,530.18,1,272.0
1537,Segment 2,168.66,0.0,0,236.0
1538,Segment 1,370.11,470.08,0,68.0
1539,Segment 0,148.5,0.0,0,278.0
1540,Segment 1,162.87,0.0,0,247.0
1541,Segment 2,245.84,0.0,0,139.0
1542,Segment 2,272.04,0.0,1,33.0
1543,Segment 4,296.14,305.87,2,62.0
1544,Segment 2,625.05,341.27,1,25.0
1545,Segment 0,91.98,0.0,0,494.0
1546,Segment 0,395.51,0.0,4,203.0
1547,Segment 1,397.0,754.49,3,97.0
1548,Segment 4,685.08,2522.97,4,20.0
1549,Segment 2,179.71,0.0,0,217.0
1550,Segment 0,115.99,0.0,1,328.0
1551,Segment 2,683.29,0.0,0,4.0
1552,Segment 2,180.33,0.0,0,216.0
1553,Segment 4,1633.65,1920.16,14,11.0
1554,Segment 0,163.98,0.0,3,271.0
1555,Segment 0,97.66,578.45,0,461.0
1556,Segment 0,318.52,1910.01,3,321.0
1557,Segment 1,1260.61,2568.47,3,50.0
1558,Segment 1,665.59,93.35,0,6.0
1559,Segment 1,557.49,0.0,0,21.0
1560,Segment 2,653.61,317.04,2,7.0
1561,Segment 1,650.46,1537.09,3,169.0
1562,Segment 4,1638.71,2259.84,8,18.0
1563,Segment 4,1692.82,3733.48,6,12.0
1564,Segment 4,562.43,538.54,5,113.0
1565,Segment 2,180.95,0.0,0,215.0
1566,Segment 4,474.39,166.2,2,246.0
1567,Segment 1,208.55,0.0,1,229.0
1568,Segment 2,336.51,1057.88,0,82.0
1569,Segment 3,19556.74,24053.81,33,27.0
1570,Segment 4,1584.66,2327.72,19,126.0
1571,Segment 1,386.87,632.04,2,224.0
1572,Segment 0,251.17,0.0,2,238.0
1573,Segment 2,197.95,0.0,1,215.0
1574,Segment 1,457.63,0.0,2,30.0
1575,Segment 0,323.36,2083.42,3,186.0
1576,Segment 4,908.49,1300.74,6,27.0
1577,Segment 4,832.54,1416.65,5,42.0
1578,Segment 2,166.51,0.0,0,240.0
1579,Segment 1,214.91,0.0,1,50.0
1580,Segment 2,728.97,1017.57,7,81.0
1581,Segment 1,167.58,120.0,0,238.0
1582,Segment 4,399.84,1926.58,2,74.0
1583,Segment 0,371.38,0.0,3,230.0
1584,Segment 0,152.85,0.0,0,268.0
1585,Segment 2,170.87,0.0,0,232.0
1586,Segment 4,426.4,0.0,4,14.0
1587,Segment 2,436.9,1203.93,2,141.0
1588,Segment 1,187.77,0.0,3,237.0
1589,Segment 1,439.09,305.24,0,46.0
1590,Segment 0,187.56,0.0,1,217.0
1591,Segment 0,115.86,0.0,0,377.0
1592,Segment 4,399.95,0.0,2,50.0
1593,Segment 4,440.08,311.65,4,190.0
1594,Segment 4,2012.93,2803.14,9,81.0
1595,Segment 0,103.46,0.0,0,431.0
1596,Segment 2,385.96,840.21,1,189.0
1597,Segment 4,1338.36,873.98,8,11.0
1598,Segment 2,1019.59,500.52,2,6.0
1599,Segment 1,348.11,8.25,1,4.0
1600,Segment 1,339.86,0.0,1,50.0
1601,Segment 2,528.92,0.0,0,26.0
1602,Segment 4,896.54,1463.83,8,23.0
1603,Segment 1,345.95,358.96,2,18.0
1604,Segment 4,317.71,0.0,3,229.0
1605,Segment 4,1019.41,244.05,17,14.0
1606,Segment 2,530.47,759.14,2,105.0
1607,Segment 0,84.54,0.0,0,544.0
1608,Segment 2,370.11,0.0,0,68.0
1609,Segment 2,490.49,0.0,2,82.0
1610,Segment 2,964.7,233.64,1,42.0
1611,Segment 2,315.16,0.0,2,23.0
1612,Segment 4,285.11,0.0,2,173.0
1613,Segment 2,227.13,0.0,1,197.0
1614,Segment 0,113.59,0.0,0,386.0
1615,Segment 2,212.26,0.0,1,210.0
1616,Segment 2,1314.31,2600.15,1,8.0
1617,Segment 0,185.01,0.0,1,202.0
1618,Segment 0,128.4,0.0,0,333.0
1619,Segment 1,2281.18,6396.71,3,20.0
1620,Segment 2,260.61,0.0,0,127.0
1621,Segment 0,103.06,0.0,1,450.0
1622,Segment 1,277.71,0.0,4,258.0
1623,Segment 2,296.23,0.0,0,103.0
1624,Segment 0,192.96,0.0,1,251.0
1625,Segment 2,218.05,0.0,0,166.0
1626,Segment 0,123.54,0.0,0,349.0
1627,Segment 4,283.88,235.56,1,258.0
1628,Segment 0,92.47,0.0,0,491.0
1629,Segment 2,364.9,302.45,0,70.0
1630,Segment 0,103.88,0.0,0,429.0
1631,Segment 2,480.98,237.12,2,103.0
1632,Segment 2,156.99,202.68,0,259.0
1633,Segment 2,192.3,615.49,0,198.0
1634,Segment 0,136.82,0.0,0,308.0
1635,Segment 2,294.55,0.0,0,104.0
1636,Segment 4,1391.36,2012.3,10,11.0
1637,Segment 1,296.97,1012.26,2,232.0
1638,Segment 1,1273.91,3570.24,5,19.0
1639,Segment 0,114.09,0.0,0,384.0
1640,Segment 2,166.51,0.0,0,240.0
1641,Segment 2,528.92,0.0,0,26.0
1642,Segment 0,117.16,0.0,0,372.0
1643,Segment 4,2170.98,1828.12,14,30.0
1644,Segment 4,383.76,377.64,4,179.0
1645,Segment 2,786.99,2314.44,1,6.0
1646,Segment 2,225.2,0.0,1,209.0
1647,Segment 4,439.51,0.0,7,202.0
1648,Segment 1,247.38,559.7,1,216.0
1649,Segment 4,802.63,3487.86,10,123.0
1650,Segment 0,97.84,0.0,0,460.0
1651,Segment 1,506.0,499.8,3,25.0
1652,Segment 4,618.43,750.74,8,67.0
1653,Segment 2,195.18,0.0,0,194.0
1654,Segment 1,986.39,1123.1,1,13.0
1655,Segment 4,651.95,1893.39,5,46.0
1656,Segment 4,606.98,1393.35,4,126.0
1657,Segment 1,1024.15,273.17,6,14.0
1658,Segment 2,272.91,0.0,0,118.0
1659,Segment 2,170.87,761.33,0,232.0
1660,Segment 4,194.12,0.0,2,170.0
1661,Segment 2,301.31,1267.93,1,166.0
1662,Segment 4,2517.35,3451.93,14,6.0
1663,Segment 2,194.45,0.0,0,195.0
1664,Segment 2,431.52,744.65,2,60.0
1665,Segment 1,332.47,385.87,2,204.0
1666,Segment 4,467.38,357.93,4,19.0
1667,Segment 4,1833.03,3862.33,13,75.0
1668,Segment 4,305.55,0.0,2,26.0
1669,Segment 0,202.2,0.0,2,242.0
1670,Segment 1,2671.99,2895.66,8,84.0
1671,Segment 0,182.4,363.34,1,302.0
1672,Segment 2,384.15,882.99,1,47.0
1673,Segment 2,183.5,0.0,0,211.0
1674,Segment 1,249.38,0.0,1,319.0
1675,Segment 4,700.8,0.0,3,110.0
1676,Segment 2,150.64,0.0,0,273.0
1677,Segment 0,136.46,0.0,0,309.0
1678,Segment 0,120.13,89.06,0,361.0
1679,Segment 4,282.83,0.0,4,173.0
1680,Segment 2,278.76,0.0,0,114.0
1681,Segment 4,2111.55,0.0,4,127.0
1682,Segment 4,1119.76,1171.97,8,124.0
1683,Segment 4,975.55,1288.6,7,63.0
1684,Segment 4,1487.84,0.0,5,12.0
1685,Segment 1,553.16,811.8,2,118.0
1686,Segment 2,154.66,0.0,0,264.0
1687,Segment 2,155.12,0.0,0,263.0
1688,Segment 2,395.57,702.51,1,54.0
1689,Segment 2,585.18,562.2,2,4.0
1690,Segment 2,212.71,273.0,0,172.0
1691,Segment 2,1000.99,485.89,4,54.0
1692,Segment 4,399.59,213.8,5,51.0
1693,Segment 4,1031.48,283.9,10,2.0
1694,Segment 2,233.52,259.05,1,203.0
1695,Segment 4,324.26,0.0,4,184.0
1696,Segment 2,159.77,0.0,3,240.0
1697,Segment 2,272.91,0.0,0,118.0
1698,Segment 2,199.67,0.0,0,188.0
1699,Segment 0,98.03,1837.92,0,459.0
1700,Segment 4,225.3,404.34,5,118.0
1701,Segment 4,1668.39,1326.44,9,69.0
1702,Segment 2,719.79,1043.87,4,21.0
1703,Segment 2,210.82,413.7,1,13.0
1704,Segment 0,98.64,0.0,1,376.0
1705,Segment 4,1235.31,0.0,9,54.0
1706,Segment 4,919.02,1236.75,8,88.0
1707,Segment 4,552.49,464.56,8,120.0
1708,Segment 0,84.95,0.0,0,541.0
1709,Segment 4,541.68,0.0,3,224.0
1710,Segment 2,331.56,163.55,1,95.0
1711,Segment 0,122.08,0.0,1,399.0
1712,Segment 4,497.86,596.91,4,65.0
1713,Segment 2,319.93,149.34,0,90.0
1714,Segment 0,113.35,537.71,0,387.0
1715,Segment 1,348.48,514.82,1,112.0
1716,Segment 2,378.2,0.0,0,65.0
1717,Segment 4,301.29,1142.81,3,105.0
1718,Segment 4,356.04,0.0,3,190.0
1719,Segment 4,322.38,0.0,3,61.0
1720,Segment 4,285.4,279.05,2,210.0
1721,Segment 4,577.37,333.65,3,95.0
1722,Segment 2,1071.84,1784.71,4,47.0
1723,Segment 4,133.73,0.0,1,89.0
1724,Segment 0,183.9,321.92,2,209.0
1725,Segment 0,122.89,0.0,1,319.0
1726,Segment 1,244.99,1040.38,1,176.0
1727,Segment 4,524.86,0.0,3,15.0
1728,Segment 2,448.29,0.0,1,214.0
1729,Segment 2,205.98,213.73,0,180.0
1730,Segment 0,343.52,0.0,5,238.0
1731,Segment 4,691.98,2362.84,4,198.0
1732,Segment 0,133.02,139.56,1,209.0
1733,Segment 1,96.58,123.8,0,467.0
1734,Segment 4,635.88,0.0,6,119.0
1735,Segment 4,231.48,0.0,1,117.0
1736,Segment 4,674.91,1791.1,5,169.0
1737,Segment 1,673.42,685.57,4,86.0
1738,Segment 2,260.61,131.78,0,127.0
1739,Segment 2,1037.15,1348.0,4,42.0
1740,Segment 2,773.64,130.55,2,51.0
1741,Segment 4,2557.17,2658.07,12,12.0
1742,Segment 4,536.38,1406.49,3,91.0
1743,Segment 4,762.06,752.57,6,23.0
1744,Segment 1,219.55,268.05,1,184.0
1745,Segment 0,125.62,0.0,0,342.0
1746,Segment 1,376.99,0.0,1,183.0
1747,Segment 4,378.26,148.96,5,40.0
1748,Segment 4,299.69,138.24,4,14.0
1749,Segment 4,993.87,587.09,7,9.0
1750,Segment 4,910.49,1651.49,5,26.0
1751,Segment 0,131.31,0.0,0,324.0
1752,Segment 0,71.95,0.0,1,491.0
1753,Segment 2,304.92,105.6,0,98.0
1754,Segment 1,140.12,0.0,0,299.0
1755,Segment 4,388.23,695.91,4,6.0
1756,Segment 2,848.96,1090.1,4,44.0
1757,Segment 4,1481.06,2978.35,11,43.0
1758,Segment 2,193.01,0.0,0,197.0
1759,Segment 3,6440.22,5145.55,90,7.0
1760,Segment 4,1363.05,1779.0,11,70.0
1761,Segment 0,144.79,0.0,0,287.0
1762,Segment 4,1226.99,0.0,10,44.0
1763,Segment 4,547.86,1379.12,4,160.0
1764,Segment 1,1192.97,2398.62,14,7.0
1765,Segment 4,1214.6,1978.87,6,56.0
1766,Segment 2,372.77,0.0,0,67.0
1767,Segment 1,103.46,355.56,0,431.0
1768,Segment 4,310.99,281.75,3,64.0
1769,Segment 4,876.01,756.76,8,117.0
1770,Segment 4,701.66,447.9,10,22.0
1771,Segment 4,3223.61,1298.28,27,22.0
1772,Segment 4,589.09,902.53,1,169.0
1773,Segment 0,93.97,0.0,0,482.0
1774,Segment 1,941.67,1668.85,7,9.0
1775,Segment 4,547.55,326.4,4,125.0
1776,Segment 4,269.52,0.0,3,119.0
1777,Segment 2,262.03,757.37,1,196.0
1778,Segment 4,319.38,60.8,3,12.0
1779,Segment 4,176.08,164.22,1,188.0
1780,Segment 4,519.54,546.95,4,26.0
1781,Segment 4,636.49,126.2,4,110.0
1782,Segment 0,129.85,0.0,2,404.0
1783,Segment 0,76.36,0.0,2,462.0
1784,Segment 2,192.3,0.0,0,198.0
1785,Segment 4,1583.54,952.13,26,4.0
1786,Segment 4,908.08,3848.57,9,40.0
1787,Segment 0,142.96,0.0,1,317.0
1788,Segment 1,454.48,0.0,1,242.0
1789,Segment 4,1013.31,1106.72,2,13.0
1790,Segment 0,690.35,1432.0,2,225.0
1791,Segment 1,164.93,0.0,0,243.0
1792,Segment 0,163.77,227.39,2,260.0
1793,Segment 2,284.8,0.0,1,88.0
1794,Segment 2,170.32,0.0,0,233.0
1795,Segment 4,1295.77,1729.76,5,62.0
1796,Segment 4,625.31,274.52,8,8.0
1797,Segment 0,85.09,0.0,0,540.0
1798,Segment 2,141.26,0.0,0,296.0
1799,Segment 2,205.98,0.0,0,180.0
1800,Segment 4,330.45,391.7,4,40.0
1801,Segment 2,166.51,0.0,0,240.0
1802,Segment 0,130.65,0.0,0,326.0
1803,Segment 0,122.67,138.6,0,352.0
1804,Segment 4,331.64,850.98,3,13.0
1805,Segment 4,434.31,558.26,5,5.0
1806,Segment 2,286.78,157.05,3,190.0
1807,Segment 1,332.21,0.0,0,84.0
1808,Segment 2,1194.84,320.81,6,21.0
1809,Segment 0,113.59,0.0,0,386.0
1810,Segment 2,206.8,0.0,0,179.0
1811,Segment 4,16.37,0.0,18,232.0
1812,Segment 2,557.49,1116.19,0,21.0
1813,Segment 4,977.11,277.56,6,6.0
1814,Segment 2,205.17,108.33,0,181.0
1815,Segment 4,222.66,1576.8,2,121.0
1816,Segment 0,102.85,0.0,0,434.0
1817,Segment 2,608.29,866.24,2,187.0
1818,Segment 2,242.11,0.0,1,198.0
1819,Segment 2,414.45,0.0,1,113.0
1820,Segment 0,97.11,0.0,0,464.0
1821,Segment 2,336.51,0.0,0,82.0
1822,Segment 0,101.45,0.0,0,441.0
1823,Segment 4,283.9,0.0,2,182.0
1824,Segment 3,7390.19,5131.72,132,2.0
1825,Segment 4,1765.49,10231.7,7,69.0
1826,Segment 4,482.7,1581.15,6,170.0
1827,Segment 4,345.41,457.56,5,104.0
1828,Segment 2,147.8,0.0,1,203.0
1829,Segment 1,203.86,0.0,1,251.0
1830,Segment 2,176.07,0.0,0,223.0
1831,Segment 0,92.97,0.0,0,488.0
1832,Segment 2,195.18,0.0,0,194.0
1833,Segment 0,293.27,0.0,4,202.0
1834,Segment 2,357.6,0.0,4,50.0
1835,Segment 2,199.02,0.0,1,210.0
1836,Segment 4,408.13,341.64,3,145.0
1837,Segment 1,279.73,0.0,1,53.0
1838,Segment 2,522.41,0.0,1,13.0
1839,Segment 1,386.75,1460.06,4,166.0
1840,Segment 4,527.33,669.44,5,43.0
1841,Segment 0,210.91,225.85,3,223.0
1842,Segment 4,1276.21,0.0,9,4.0
1843,Segment 4,918.06,2187.67,7,41.0
1844,Segment 1,200.43,0.0,0,187.0
1845,Segment 4,500.87,340.38,3,50.0
1846,Segment 0,142.81,0.0,0,292.0
1847,Segment 2,802.27,376.9,4,43.0
1848,Segment 2,364.9,0.0,0,70.0
1849,Segment 2,354.92,0.0,0,74.0
1850,Segment 0,202.48,0.0,3,245.0
1851,Segment 2,156.05,0.0,0,261.0
1852,Segment 2,350.13,309.66,0,76.0
1853,Segment 0,93.46,0.0,0,485.0
1854,Segment 4,878.86,1749.36,4,99.0
1855,Segment 1,597.11,1645.35,4,35.0
1856,Segment 4,361.18,335.87,3,166.0
1857,Segment 4,416.14,592.96,3,106.0
1858,Segment 1,188.97,356.99,1,83.0
1859,Segment 3,106167.12,168586.9,64,5.0
1860,Segment 2,242.49,0.0,1,9.0
1861,Segment 4,296.92,0.0,12,224.0
1862,Segment 4,830.34,820.47,5,20.0
1863,Segment 0,110.94,0.0,0,397.0
1864,Segment 4,629.85,238.28,6,19.0
1865,Segment 4,505.13,1571.89,4,146.0
1866,Segment 0,84.27,0.0,0,546.0
1867,Segment 4,769.71,1119.59,3,30.0
1868,Segment 4,306.53,157.94,3,91.0
1869,Segment 2,651.74,323.82,3,90.0
1870,Segment 2,831.25,1344.9,3,25.0
1871,Segment 4,410.07,229.09,5,42.0
1872,Segment 2,167.58,0.0,0,238.0
1873,Segment 4,602.52,544.52,3,104.0
1874,Segment 4,4542.57,5276.54,36,22.0
1875,Segment 2,159.87,0.0,0,253.0
1876,Segment 4,778.6,0.0,4,49.0
1877,Segment 4,195.67,0.0,1,88.0
1878,Segment 0,121.28,0.0,1,357.0
1879,Segment 4,409.55,0.0,3,42.0
1880,Segment 2,605.81,1362.91,2,175.0
1881,Segment 0,133.66,0.0,0,317.0
1882,Segment 2,193.73,596.36,0,196.0
1883,Segment 4,2285.44,1399.72,8,15.0
1884,Segment 0,110.24,0.0,0,400.0
1885,Segment 1,113.35,0.0,0,387.0
1886,Segment 1,313.13,0.0,2,189.0
1887,Segment 3,12061.65,13310.87,43,6.0
1888,Segment 4,349.43,105.0,3,19.0
1889,Segment 4,472.02,31.2,4,9.0
1890,Segment 0,111.17,0.0,0,396.0
1891,Segment 2,538.79,708.07,2,23.0
1892,Segment 1,268.35,0.0,4,384.0
1893,Segment 4,251.51,0.0,1,222.0
1894,Segment 0,278.73,628.38,1,208.0
1895,Segment 1,2358.48,2388.08,16,6.0
1896,Segment 2,589.36,0.0,0,16.0
1897,Segment 1,234.11,355.05,1,200.0
1898,Segment 2,563.59,1674.73,0,20.0
1899,Segment 4,660.0,111.25,10,43.0
1900,Segment 4,605.66,0.0,6,72.0
1901,Segment 0,104.71,0.0,0,425.0
1902,Segment 0,226.74,0.0,1,327.0
1903,Segment 2,698.11,1201.32,3,50.0
1904,Segment 2,528.92,0.0,0,26.0
1905,Segment 2,362.89,0.0,3,22.0
1906,Segment 2,729.09,1473.55,2,46.0
1907,Segment 1,1115.3,792.19,8,55.0
1908,Segment 4,1114.32,2024.59,17,89.0
1909,Segment 0,155.39,1461.62,1,232.0
1910,Segment 2,665.59,0.0,0,6.0
1911,Segment 0,104.5,0.0,0,426.0
1912,Segment 0,143.71,0.0,1,243.0
1913,Segment 2,457.05,707.31,2,176.0
1914,Segment 4,1696.8,3310.9,14,23.0
1915,Segment 4,370.33,599.48,8,187.0
1916,Segment 2,1955.45,1403.47,4,9.0
1917,Segment 2,174.3,917.07,0,226.0
1918,Segment 4,1149.25,1460.17,15,26.0
1919,Segment 1,264.73,160.19,2,215.0
1920,Segment 4,389.48,619.93,5,106.0
1921,Segment 2,160.37,307.51,0,252.0
1922,Segment 0,84.95,0.0,0,541.0
1923,Segment 2,179.09,0.0,0,218.0
1924,Segment 2,401.64,1348.43,0,57.0
1925,Segment 2,200.43,0.0,0,187.0
1926,Segment 0,140.51,180.42,1,285.0
1927,Segment 4,360.34,666.71,6,166.0
1928,Segment 0,110.7,0.0,0,398.0
1929,Segment 1,230.12,655.58,1,202.0
1930,Segment 0,97.48,0.0,0,462.0
1931,Segment 1,236.53,0.0,1,82.0
1932,Segment 2,177.26,0.0,0,221.0
1933,Segment 4,206.4,0.0,1,181.0
1934,Segment 2,686.93,1368.27,2,40.0
1935,Segment 2,861.98,129.0,1,13.0
1936,Segment 4,1169.86,1705.86,12,28.0
1937,Segment 4,6557.1,1642.69,10,12.0
1938,Segment 0,332.33,0.0,3,233.0
1939,Segment 4,2558.17,3495.28,28,4.0
1940,Segment 2,142.42,0.0,0,293.0
1941,Segment 2,393.19,730.55,1,161.0
1942,Segment 4,326.78,764.25,5,7.0
1943,Segment 4,2603.23,2591.48,20,27.0
1944,Segment 4,1486.16,0.0,10,5.0
1945,Segment 2,377.63,905.04,2,169.0
1946,Segment 2,164.93,0.0,0,243.0
1947,Segment 0,110.24,0.0,0,400.0
1948,Segment 4,1300.88,171.95,9,105.0
1949,Segment 4,490.51,979.66,6,93.0
1950,Segment 2,197.71,0.0,2,214.0
1951,Segment 1,401.64,0.0,0,57.0
1952,Segment 4,592.46,644.62,5,20.0
1953,Segment 0,144.79,0.0,0,287.0
1954,Segment 0,84.54,0.0,0,544.0
1955,Segment 0,68.27,0.0,1,492.0
1956,Segment 2,152.85,563.15,0,268.0
1957,Segment 4,349.33,409.78,4,103.0
1958,Segment 4,1983.16,3147.77,14,15.0
1959,Segment 1,349.99,738.96,1,190.0
1960,Segment 4,910.22,277.12,5,13.0
1961,Segment 2,462.64,1053.72,0,40.0
1962,Segment 1,292.89,0.0,0,105.0
1963,Segment 2,221.84,158.4,1,142.0
1964,Segment 4,209.85,0.0,1,71.0
1965,Segment 4,1677.54,1307.16,7,21.0
1966,Segment 0,146.83,0.0,0,282.0
1967,Segment 4,3056.44,4758.08,12,9.0
1968,Segment 4,1031.38,0.0,7,40.0
1969,Segment 0,133.14,0.0,1,429.0
1970,Segment 1,110.24,0.0,0,400.0
1971,Segment 0,127.46,0.0,0,336.0
1972,Segment 2,205.98,605.34,0,180.0
1973,Segment 2,1263.35,1120.98,6,26.0
1974,Segment 1,183.5,0.0,0,211.0
1975,Segment 2,275.81,396.81,0,116.0
1976,Segment 2,381.34,0.0,2,88.0
1977,Segment 2,260.61,0.0,0,127.0
1978,Segment 1,96.58,0.0,0,467.0
1979,Segment 2,270.24,175.31,1,131.0
1980,Segment 0,120.96,0.0,0,358.0
1981,Segment 0,148.08,0.0,0,279.0
1982,Segment 0,109.31,679.44,0,404.0
1983,Segment 4,584.45,592.9,6,61.0
1984,Segment 0,107.07,0.0,0,414.0
1985,Segment 0,125.32,214.14,0,343.0
1986,Segment 4,748.38,626.47,6,11.0
1987,Segment 4,1721.42,4439.54,18,25.0
1988,Segment 0,134.35,0.0,0,315.0
1989,Segment 4,267.79,98.06,5,118.0
1990,Segment 0,84.4,157.7,0,545.0
1991,Segment 1,3184.45,1139.99,9,28.0
1992,Segment 2,478.53,114.76,1,83.0
1993,Segment 4,277.76,437.15,3,121.0
1994,Segment 2,162.87,193.39,0,247.0
1995,Segment 0,154.15,0.0,1,198.0
1996,Segment 0,103.88,0.0,0,429.0
1997,Segment 2,1062.03,809.18,9,6.0
1998,Segment 2,194.45,0.0,0,195.0
1999,Segment 0,108.86,0.0,0,406.0
2000,Segment 4,266.44,0.0,2,177.0
2001,Segment 0,112.86,0.0,0,389.0
2002,Segment 2,674.33,0.0,0,5.0
2003,Segment 4,1218.34,0.0,6,8.0
2004,Segment 4,291.96,539.55,3,61.0
2005,Segment 4,178.94,187.35,2,0.0
2006,Segment 0,291.06,507.29,4,188.0
2007,Segment 4,433.46,0.0,4,174.0
2008,Segment 0,142.42,0.0,0,293.0
2009,Segment 2,701.98,110.78,0,2.0
2010,Segment 4,671.16,1127.71,5,187.0
2011,Segment 4,1371.95,1201.04,16,12.0
2012,Segment 0,129.18,0.0,1,389.0
2013,Segment 4,2840.71,0.0,12,4.0
2014,Segment 1,423.51,312.22,3,168.0
2015,Segment 1,187.42,0.0,1,488.0
2016,Segment 0,137.54,0.0,0,306.0
2017,Segment 1,331.31,1469.11,1,48.0
2018,Segment 0,127.64,0.0,1,336.0
2019,Segment 4,754.07,1148.94,5,9.0
2020,Segment 4,245.6,0.0,1,231.0
2021,Segment 0,230.38,0.0,2,226.0
2022,Segment 1,169.61,0.0,1,75.0
2023,Segment 4,1540.05,1513.91,10,82.0
2024,Segment 1,275.81,2441.8,0,116.0
2025,Segment 2,164.41,0.0,0,244.0
2026,Segment 4,1267.35,2315.26,4,49.0
2027,Segment 0,108.63,0.0,0,407.0
2028,Segment 1,169.21,0.0,0,235.0
2029,Segment 1,344.81,309.4,1,215.0
2030,Segment 2,182.86,0.0,0,212.0
2031,Segment 4,3026.51,5498.07,14,21.0
2032,Segment 4,531.94,0.0,2,119.0
2033,Segment 4,181.49,305.22,1,64.0
2034,Segment 4,1246.58,2346.29,7,60.0
2035,Segment 4,380.95,250.35,3,19.0
2036,Segment 4,884.85,1538.76,6,35.0
2037,Segment 4,1160.39,645.65,2,282.0
2038,Segment 1,537.6,1165.65,2,250.0
2039,Segment 0,135.05,0.0,0,313.0
2040,Segment 1,245.27,1056.88,1,12.0
2041,Segment 4,329.11,125.79,7,188.0
2042,Segment 0,116.85,15.0,2,180.0
2043,Segment 2,853.49,14057.27,5,174.0
2044,Segment 4,900.9,96.14,13,26.0
2045,Segment 2,809.36,2500.31,3,41.0
2046,Segment 4,531.02,717.7,3,196.0
2047,Segment 1,563.76,0.0,4,69.0
2048,Segment 4,346.8,272.13,6,63.0
2049,Segment 0,222.53,0.0,2,291.0
2050,Segment 4,272.15,0.0,1,18.0
2051,Segment 0,125.32,0.0,0,343.0
2052,Segment 1,352.31,1099.57,1,70.0
2053,Segment 0,112.42,0.0,1,329.0
2054,Segment 0,170.63,0.0,1,226.0
2055,Segment 4,1169.22,624.35,15,9.0
2056,Segment 0,92.31,0.0,0,492.0
2057,Segment 2,308.54,561.39,0,96.0
2058,Segment 4,382.63,589.7,9,198.0
2059,Segment 2,569.81,446.08,0,19.0
2060,Segment 0,94.82,0.0,0,477.0
2061,Segment 1,340.84,765.32,1,235.0
2062,Segment 2,392.51,0.0,0,60.0
2063,Segment 2,596.18,0.0,0,15.0
2064,Segment 2,240.17,0.0,0,144.0
2065,Segment 4,277.02,0.0,2,61.0
2066,Segment 2,271.77,554.38,1,224.0
2067,Segment 0,91.34,0.0,0,498.0
2068,Segment 1,104.71,1237.85,0,425.0
2069,Segment 1,217.48,655.75,1,251.0
2070,Segment 4,4789.1,7176.23,15,12.0
2071,Segment 4,554.94,0.0,7,12.0
2072,Segment 4,559.11,1190.88,4,104.0
2073,Segment 4,784.56,658.38,11,48.0
2074,Segment 2,188.82,0.0,0,203.0
2075,Segment 0,129.36,0.0,0,330.0
2076,Segment 2,360.15,924.24,5,168.0
2077,Segment 1,229.58,314.11,1,203.0
2078,Segment 1,1665.85,992.45,2,8.0
2079,Segment 2,240.99,1025.44,1,216.0
2080,Segment 4,514.95,291.35,6,41.0
2081,Segment 1,800.38,2519.41,7,168.0
2082,Segment 0,151.52,277.8,0,271.0
2083,Segment 1,380.12,0.0,2,245.0
2084,Segment 3,49450.26,96107.32,161,5.0
2085,Segment 4,476.19,385.06,2,54.0
2086,Segment 2,1443.44,611.6,5,81.0
2087,Segment 4,521.44,116.55,8,85.0
2088,Segment 4,538.43,969.79,4,132.0
2089,Segment 0,109.31,0.0,0,404.0
2090,Segment 4,923.04,1610.15,5,212.0
2091,Segment 0,124.13,0.0,0,347.0
2092,Segment 4,464.8,0.0,1,20.0
2093,Segment 2,640.71,413.06,0,9.0
2094,Segment 2,250.49,0.0,1,201.0
2095,Segment 4,320.28,0.0,2,53.0
2096,Segment 1,165.05,0.0,1,189.0
2097,Segment 2,188.14,0.0,0,204.0
2098,Segment 1,102.65,0.0,0,435.0
2099,Segment 2,172.57,223.88,0,229.0
2100,Segment 1,1129.8,1258.83,3,82.0
2101,Segment 2,431.76,621.68,0,48.0
2102,Segment 2,332.59,0.0,1,173.0
2103,Segment 2,160.86,0.0,0,251.0
2104,Segment 2,683.05,1060.0,1,90.0
2105,Segment 4,641.3,0.0,1,105.0
2106,Segment 4,1779.35,6541.06,3,83.0
2107,Segment 1,117.69,0.0,0,370.0
2108,Segment 0,178.14,0.0,1,225.0
2109,Segment 0,113.59,0.0,0,386.0
2110,Segment 0,264.64,0.0,3,209.0
2111,Segment 0,95.87,0.0,0,471.0
2112,Segment 4,1408.27,4560.62,6,25.0
2113,Segment 2,177.26,0.0,0,221.0
2114,Segment 0,249.63,290.82,3,196.0
2115,Segment 2,523.56,788.17,0,27.0
2116,Segment 0,186.91,0.0,3,277.0
2117,Segment 4,3859.94,4533.78,19,14.0
2118,Segment 1,286.97,285.67,1,226.0
2119,Segment 0,89.31,294.85,0,511.0
2120,Segment 0,85.09,0.0,0,540.0
2121,Segment 2,172.57,0.0,0,229.0
2122,Segment 4,135.58,0.0,1,61.0
2123,Segment 4,240.09,289.03,3,53.0
2124,Segment 2,552.24,262.59,1,23.0
2125,Segment 4,3471.68,3865.02,14,40.0
2126,Segment 4,235.4,0.0,3,78.0
2127,Segment 2,475.82,1472.34,5,187.0
2128,Segment 2,407.96,0.0,0,55.0
2129,Segment 4,297.49,183.02,3,195.0
2130,Segment 0,403.47,463.8,2,249.0
2131,Segment 2,153.75,147.59,0,266.0
2132,Segment 0,89.31,0.0,0,511.0
2133,Segment 4,1130.15,809.81,7,60.0
2134,Segment 2,198.9,114.77,0,189.0
2135,Segment 2,493.55,659.85,0,33.0
2136,Segment 2,172.57,279.94,0,229.0
2137,Segment 2,536.61,324.6,2,4.0
2138,Segment 0,86.07,0.0,0,533.0
2139,Segment 4,1072.82,394.14,8,43.0
2140,Segment 0,84.68,0.0,0,543.0
2141,Segment 0,84.4,0.0,0,545.0
2142,Segment 1,252.77,0.0,1,54.0
2143,Segment 0,115.1,0.0,0,380.0
2144,Segment 0,91.5,0.0,0,497.0
2145,Segment 0,355.47,202.37,2,196.0
2146,Segment 2,369.51,0.0,1,6.0
2147,Segment 4,167.72,0.0,1,184.0
2148,Segment 4,387.43,163.2,5,173.0
2149,Segment 4,760.66,0.0,6,19.0
2150,Segment 0,96.22,0.0,0,469.0
2151,Segment 0,100.34,0.0,1,420.0
2152,Segment 2,167.58,0.0,0,238.0
2153,Segment 2,161.36,0.0,0,250.0
2154,Segment 0,117.43,0.0,0,371.0
2155,Segment 4,326.66,0.0,4,190.0
2156,Segment 2,323.92,112.67,0,88.0
2157,Segment 0,143.99,0.0,0,289.0
2158,Segment 0,97.3,540.98,0,463.0
2159,Segment 4,273.14,231.23,2,49.0
2160,Segment 0,110.24,0.0,0,400.0
2161,Segment 2,189.5,0.0,0,202.0
2162,Segment 4,990.02,494.17,7,104.0
2163,Segment 0,163.36,0.0,5,281.0
2164,Segment 4,3010.23,3621.09,39,5.0
2165,Segment 2,156.05,475.43,0,261.0
2166,Segment 0,168.1,0.0,1,288.0
2167,Segment 2,239.59,0.0,1,203.0
2168,Segment 4,187.96,216.48,1,181.0
2169,Segment 0,26.52,0.0,9,295.0
2170,Segment 1,27.48,0.0,10,309.0
2171,Segment 1,237.28,170.04,2,201.0
2172,Segment 2,328.72,204.87,1,60.0
2173,Segment 2,354.92,0.0,0,74.0
2174,Segment 2,200.43,0.0,0,187.0
2175,Segment 1,648.35,1187.06,5,26.0
2176,Segment 0,93.46,852.39,0,485.0
2177,Segment 4,2375.9,3905.43,11,26.0
2178,Segment 2,1012.46,955.84,6,104.0
2179,Segment 0,116.12,361.96,0,376.0
2180,Segment 2,429.99,233.42,3,48.0
2181,Segment 4,853.78,412.03,6,27.0
2182,Segment 2,298.19,441.16,2,176.0
2183,Segment 1,104.29,0.0,0,427.0
2184,Segment 4,535.32,365.52,6,76.0
2185,Segment 1,717.67,502.36,8,90.0
2186,Segment 4,2680.26,0.0,6,64.0
2187,Segment 2,751.23,1401.56,2,16.0
2188,Segment 4,2429.48,1630.03,9,40.0
2189,Segment 2,202.77,0.0,0,184.0
2190,Segment 2,701.9,264.23,5,23.0
2191,Segment 3,9920.51,6861.58,62,6.0
2192,Segment 0,123.54,0.0,0,349.0
2193,Segment 2,160.37,179.93,0,252.0
2194,Segment 4,174.95,0.0,1,7.0
2195,Segment 0,200.99,537.0,4,271.0
2196,Segment 4,3620.85,3169.05,21,15.0
2197,Segment 1,378.2,346.76,0,65.0
2198,Segment 4,1512.97,2664.05,17,2.0
2199,Segment 2,347.78,0.0,0,77.0
2200,Segment 2,342.05,123.27,1,28.0
2201,Segment 2,338.71,0.0,0,81.0
2202,Segment 2,504.33,1682.77,1,229.0
2203,Segment 4,588.31,1383.36,5,187.0
2204,Segment 2,260.61,0.0,0,127.0
2205,Segment 2,321.92,471.3,0,89.0
2206,Segment 0,168.7,0.0,2,282.0
2207,Segment 0,130.0,0.0,0,328.0
2208,Segment 4,922.57,0.0,4,83.0
2209,Segment 4,699.82,1372.68,7,51.0
2210,Segment 4,828.23,763.75,12,23.0
2211,Segment 3,29544.49,23699.98,53,19.0
2212,Segment 4,803.24,173.82,6,25.0
2213,Segment 2,557.49,0.0,0,21.0
2214,Segment 0,326.06,0.0,3,218.0
2215,Segment 2,983.13,1751.73,2,35.0
2216,Segment 4,844.44,896.71,2,90.0
2217,Segment 4,300.75,313.4,2,64.0
2218,Segment 0,211.55,0.0,2,180.0
2219,Segment 4,459.64,393.4,2,83.0
2220,Segment 0,144.79,0.0,0,287.0
2221,Segment 0,435.97,612.43,4,208.0
2222,Segment 2,293.62,735.67,1,237.0
2223,Segment 1,112.16,880.85,1,300.0
2224,Segment 1,437.2,0.0,1,302.0
2225,Segment 4,3370.0,5890.59,22,11.0
2226,Segment 4,944.74,0.0,7,20.0
2227,Segment 0,199.52,0.0,1,235.0
2228,Segment 4,740.09,256.75,8,16.0
2229,Segment 0,94.99,0.0,0,476.0
2230,Segment 2,380.98,0.0,0,64.0
2231,Segment 4,279.83,0.0,1,187.0
2232,Segment 0,85.51,0.0,0,537.0
2233,Segment 0,112.13,0.0,1,372.0
2234,Segment 2,321.92,0.0,0,89.0
2235,Segment 2,275.81,0.0,0,116.0
2236,Segment 1,93.97,476.96,0,482.0
2237,Segment 2,410.78,0.0,2,23.0
2238,Segment 4,3601.28,1200.34,16,14.0
2239,Segment 0,116.93,0.0,1,271.0
2240,Segment 4,823.82,600.1,5,11.0
2241,Segment 1,112.37,248.08,0,391.0
2242,Segment 1,567.5,0.0,6,141.0
2243,Segment 1,439.38,215.25,4,167.0
2244,Segment 0,132.15,0.0,1,338.0
2245,Segment 2,922.16,0.0,1,4.0
2246,Segment 0,239.87,2298.93,1,238.0
2247,Segment 2,772.17,629.28,1,19.0
2248,Segment 2,346.0,0.0,8,119.0
2249,Segment 2,484.3,995.35,0,35.0
2250,Segment 4,299.61,0.0,2,53.0
2251,Segment 2,324.87,812.05,2,126.0
2252,Segment 4,405.55,1278.98,2,180.0
2253,Segment 0,105.98,0.0,0,419.0
2254,Segment 2,764.5,2042.65,4,25.0
2255,Segment 1,85.09,340.11,0,540.0
2256,Segment 2,617.64,873.1,0,12.0
2257,Segment 4,407.84,1239.38,2,23.0
2258,Segment 2,414.49,0.0,0,53.0
2259,Segment 2,308.54,162.57,0,96.0
2260,Segment 4,1248.44,701.07,8,12.0
2261,Segment 4,1135.72,1129.84,3,14.0
2262,Segment 0,139.11,184.19,1,284.0
2263,Segment 4,3575.48,3911.22,7,15.0
2264,Segment 0,151.87,0.0,1,344.0
2265,Segment 0,130.33,406.53,0,327.0
2266,Segment 1,419.14,970.5,1,27.0
2267,Segment 4,1726.01,2327.02,14,18.0
2268,Segment 2,189.5,0.0,0,202.0
2269,Segment 2,619.37,488.06,1,7.0
2270,Segment 2,564.93,324.52,3,65.0
2271,Segment 2,431.66,1148.54,3,21.0
2272,Segment 1,185.96,0.0,1,47.0
2273,Segment 0,195.91,0.0,1,328.0
2274,Segment 1,190.2,0.0,0,201.0
2275,Segment 2,321.54,0.0,1,47.0
2276,Segment 2,799.27,1226.8,3,6.0
2277,Segment 0,209.09,0.0,5,265.0
2278,Segment 2,556.37,498.74,3,218.0
2279,Segment 2,321.23,0.0,1,33.0
2280,Segment 4,2148.06,4885.42,13,25.0
2281,Segment 2,806.06,470.7,1,35.0
2282,Segment 1,303.14,492.94,0,99.0
2283,Segment 1,431.76,0.0,0,48.0
2284,Segment 0,225.53,520.8,1,385.0
2285,Segment 4,957.64,4779.58,2,77.0
2286,Segment 4,502.59,0.0,1,231.0
2287,Segment 0,89.62,4684.24,0,509.0
2288,Segment 2,145.19,224.73,0,286.0
2289,Segment 2,197.4,0.0,0,191.0
2290,Segment 4,441.55,824.62,2,166.0
2291,Segment 1,184.8,401.4,0,209.0
2292,Segment 4,4283.3,13565.16,10,18.0
2293,Segment 2,330.4,0.0,3,165.0
2294,Segment 2,193.73,0.0,0,196.0
2295,Segment 1,85.23,0.0,0,539.0
2296,Segment 2,721.72,149.47,0,0.0
2297,Segment 4,551.06,461.35,7,16.0
2298,Segment 2,205.17,0.0,0,181.0
2299,Segment 0,149.78,0.0,0,275.0
2300,Segment 4,403.25,0.0,3,128.0
2301,Segment 4,150.31,0.0,1,190.0
2302,Segment 2,181.58,0.0,0,214.0
2303,Segment 1,245.84,0.0,0,139.0
2304,Segment 2,762.8,1097.85,1,4.0
2305,Segment 4,379.48,0.0,6,188.0
2306,Segment 2,264.7,0.0,1,130.0
2307,Segment 1,95.17,0.0,0,475.0
2308,Segment 2,170.32,0.0,0,233.0
2309,Segment 2,370.11,0.0,0,68.0
2310,Segment 4,1850.03,747.58,10,41.0
2311,Segment 0,248.66,0.0,2,175.0
2312,Segment 4,277.36,389.48,2,77.0
2313,Segment 4,812.95,252.37,5,76.0
2314,Segment 0,95.24,0.0,2,355.0
2315,Segment 0,138.25,402.2,1,195.0
2316,Segment 0,296.99,411.41,2,282.0
2317,Segment 2,563.59,4223.48,0,20.0
2318,Segment 0,86.07,0.0,0,533.0
2319,Segment 4,2846.57,11281.96,18,5.0
2320,Segment 2,165.45,0.0,0,242.0
2321,Segment 0,160.63,0.0,1,271.0
2322,Segment 4,285.49,729.32,2,173.0
2323,Segment 4,2404.38,3942.09,20,6.0
2324,Segment 0,136.08,0.0,1,240.0
2325,Segment 4,401.4,302.59,4,60.0
2326,Segment 0,184.19,193.64,2,216.0
2327,Segment 4,1009.61,611.55,7,43.0
2328,Segment 0,139.0,0.0,0,302.0
2329,Segment 1,423.82,466.81,3,12.0
2330,Segment 4,1011.96,1134.9,9,6.0
2331,Segment 2,218.96,0.0,0,165.0
2332,Segment 2,334.35,402.6,0,83.0
2333,Segment 1,208.82,0.0,2,224.0
2334,Segment 2,213.69,802.22,1,161.0
2335,Segment 0,85.37,0.0,0,538.0
2336,Segment 4,454.98,0.0,2,33.0
2337,Segment 2,211.84,511.34,0,173.0
2338,Segment 2,290.81,0.0,1,49.0
2339,Segment 2,263.32,0.0,1,126.0
2340,Segment 2,424.68,1146.51,0,50.0
2341,Segment 4,255.93,656.79,2,201.0
2342,Segment 0,104.5,96.6,0,426.0
2343,Segment 0,117.43,0.0,0,371.0
2344,Segment 4,2408.89,3999.63,13,25.0
2345,Segment 0,98.58,305.75,0,456.0
2346,Segment 2,933.87,920.77,2,11.0
2347,Segment 1,541.93,0.0,3,174.0
2348,Segment 4,925.69,0.0,10,126.0
2349,Segment 4,355.84,0.0,3,33.0
2350,Segment 1,327.16,0.0,4,166.0
2351,Segment 2,454.51,0.0,0,42.0
2352,Segment 2,272.91,0.0,0,118.0
2353,Segment 4,763.55,342.58,6,23.0
2354,Segment 4,1035.65,2472.11,2,102.0
2355,Segment 0,111.65,0.0,0,394.0
2356,Segment 2,557.59,0.0,1,47.0
2357,Segment 1,103.88,0.0,0,429.0
2358,Segment 2,184.8,0.0,0,209.0
2359,Segment 2,332.21,0.0,0,84.0
2360,Segment 2,1835.47,0.0,11,25.0
2361,Segment 2,291.25,0.0,0,106.0
2362,Segment 2,787.28,318.67,1,11.0
2363,Segment 4,917.89,1077.47,8,49.0
2364,Segment 4,773.59,791.04,5,0.0
2365,Segment 2,172.0,0.0,0,230.0
2366,Segment 2,164.93,316.68,0,243.0
2367,Segment 4,194.65,333.63,1,56.0
2368,Segment 4,1159.88,1264.36,5,69.0
2369,Segment 4,342.56,0.0,2,46.0
2370,Segment 1,201.18,356.0,1,285.0
2371,Segment 1,344.47,0.0,2,219.0
2372,Segment 4,1786.3,3824.44,9,4.0
2373,Segment 0,100.09,0.0,0,448.0
2374,Segment 4,4314.82,6282.19,10,18.0
2375,Segment 1,329.46,740.78,2,229.0
2376,Segment 1,341.39,915.3,2,211.0
2377,Segment 0,150.05,300.36,1,354.0
2378,Segment 4,669.81,890.85,6,204.0
2379,Segment 0,117.96,98.45,0,369.0
2380,Segment 1,279.09,0.0,1,91.0
2381,Segment 2,534.4,307.5,0,25.0
2382,Segment 0,286.17,0.0,2,320.0
2383,Segment 4,2382.77,898.17,16,11.0
2384,Segment 2,295.52,254.82,2,189.0
2385,Segment 2,289.51,0.0,2,131.0
2386,Segment 1,126.84,393.74,0,338.0
2387,Segment 4,692.93,793.88,2,43.0
2388,Segment 4,294.69,0.0,4,146.0
2389,Segment 1,220.96,0.0,1,286.0
2390,Segment 2,316.77,408.8,1,188.0
2391,Segment 4,1847.65,1024.14,11,46.0
2392,Segment 4,1247.76,1736.48,13,12.0
2393,Segment 0,312.99,721.94,3,258.0
2394,Segment 0,108.63,0.0,0,407.0
2395,Segment 1,200.31,128.63,1,202.0
2396,Segment 2,170.32,255.9,0,233.0
2397,Segment 0,142.78,0.0,1,369.0
2398,Segment 4,462.54,0.0,4,162.0
2399,Segment 0,153.46,113.12,1,296.0
2400,Segment 1,2723.29,404.74,11,5.0
2401,Segment 0,115.61,0.0,0,378.0
2402,Segment 2,160.81,0.0,2,198.0
2403,Segment 0,136.82,0.0,0,308.0
2404,Segment 2,180.95,0.0,0,215.0
2405,Segment 0,181.86,485.24,2,187.0
2406,Segment 4,1005.66,682.52,6,8.0
2407,Segment 4,315.54,559.65,2,57.0
2408,Segment 4,1600.09,5817.85,13,11.0
2409,Segment 4,3118.09,1980.01,31,55.0
2410,Segment 2,640.71,0.0,0,9.0
2411,Segment 0,95.52,0.0,0,473.0
2412,Segment 1,179.09,0.0,0,218.0
2413,Segment 0,97.48,0.0,0,462.0
2414,Segment 4,2326.6,1832.5,5,20.0
2415,Segment 4,1591.09,3525.66,14,70.0
2416,Segment 4,1102.09,1472.0,4,71.0
2417,Segment 2,2059.14,2903.72,7,13.0
2418,Segment 1,85.37,0.0,0,538.0
2419,Segment 4,376.01,0.0,2,98.0
2420,Segment 2,455.49,303.65,5,26.0
2421,Segment 0,119.58,0.0,0,363.0
2422,Segment 0,208.05,1174.35,5,308.0
2423,Segment 1,336.51,0.0,0,82.0
2424,Segment 1,136.67,0.0,2,418.0
2425,Segment 2,145.19,0.0,0,286.0
2426,Segment 3,24690.12,30432.81,146,4.0
2427,Segment 4,803.19,316.95,9,23.0
2428,Segment 2,360.58,0.0,1,7.0
2429,Segment 2,251.78,0.0,0,134.0
2430,Segment 0,93.46,0.0,0,485.0
2431,Segment 2,317.98,0.0,0,91.0
2432,Segment 4,1538.44,1508.01,5,99.0
2433,Segment 2,146.0,611.27,0,284.0
2434,Segment 1,111.15,0.0,2,370.0
2435,Segment 0,89.62,0.0,0,509.0
2436,Segment 4,413.65,161.74,5,203.0
2437,Segment 1,462.11,0.0,4,141.0
2438,Segment 2,180.95,0.0,0,215.0
2439,Segment 1,455.04,1023.2,6,182.0
2440,Segment 1,209.25,0.0,1,307.0
2441,Segment 4,1256.16,0.0,3,174.0
2442,Segment 2,589.36,0.0,0,16.0
2443,Segment 2,184.8,0.0,0,209.0
2444,Segment 1,178.48,0.0,0,219.0
2445,Segment 0,93.46,0.0,0,485.0
2446,Segment 1,473.54,316.17,4,126.0
2447,Segment 0,117.96,0.0,0,369.0
2448,Segment 2,157.94,2020.52,0,257.0
2449,Segment 2,342.1,0.0,2,140.0
2450,Segment 2,403.98,0.0,2,174.0
2451,Segment 2,234.24,0.0,1,181.0
2452,Segment 1,481.46,1611.44,3,177.0
2453,Segment 0,121.53,0.0,0,356.0
2454,Segment 4,828.02,0.0,6,62.0
2455,Segment 2,1099.53,1556.37,7,26.0
2456,Segment 4,3684.59,3973.33,21,15.0
2457,Segment 0,9.02,0.0,3,470.0
2458,Segment 2,355.41,0.0,3,169.0
2459,Segment 0,163.83,0.0,1,256.0
2460,Segment 1,270.11,0.0,1,180.0
2461,Segment 2,386.66,581.39,0,62.0
2462,Segment 4,740.26,1340.56,3,123.0
2463,Segment 4,569.21,496.97,5,166.0
2464,Segment 4,1203.49,461.41,7,53.0
2465,Segment 2,189.5,446.94,0,202.0
2466,Segment 1,243.38,0.0,7,300.0
2467,Segment 2,887.09,1232.61,3,11.0
2468,Segment 0,96.04,0.0,0,470.0
2469,Segment 4,844.21,2007.4,4,258.0
2470,Segment 4,753.08,1224.16,9,18.0
2471,Segment 0,103.26,168.0,0,432.0
2472,Segment 0,91.34,0.0,0,498.0
2473,Segment 2,508.11,579.19,0,30.0
2474,Segment 2,463.18,0.0,2,190.0
2475,Segment 0,163.95,0.0,1,270.0
2476,Segment 2,2215.54,440.18,5,16.0
2477,Segment 4,474.64,1452.26,6,173.0
2478,Segment 4,721.93,0.0,4,21.0
2479,Segment 4,2343.52,4352.59,6,18.0
2480,Segment 4,577.71,338.84,2,167.0
2481,Segment 0,188.2,316.88,1,200.0
2482,Segment 0,139.75,0.0,0,300.0
2483,Segment 2,345.47,0.0,0,78.0
2484,Segment 0,477.24,500.0,3,208.0
2485,Segment 2,309.64,0.0,1,204.0
2486,Segment 1,112.13,0.0,0,392.0
2487,Segment 2,620.31,1196.55,3,168.0
2488,Segment 4,277.09,107.76,3,89.0
2489,Segment 4,1361.42,747.1,7,12.0
2490,Segment 2,253.01,0.0,0,133.0
2491,Segment 0,112.37,288.18,0,391.0
2492,Segment 2,306.72,0.0,0,97.0
2493,Segment 4,427.1,320.6,3,86.0
2494,Segment 0,145.2,0.0,1,260.0
2495,Segment 4,534.84,185.36,4,4.0
2496,Segment 0,111.15,0.0,1,299.0
2497,Segment 2,203.57,0.0,0,183.0
2498,Segment 0,114.09,349.1,0,384.0
2499,Segment 2,288.26,174.32,1,109.0
2500,Segment 2,462.07,716.88,1,30.0
2501,Segment 2,359.84,0.0,0,72.0
2502,Segment 1,86.64,0.0,0,529.0
2503,Segment 4,934.6,1649.95,5,11.0
2504,Segment 0,29.68,0.0,4,499.0
2505,Segment 2,424.68,738.7,0,50.0
2506,Segment 2,268.68,0.0,0,121.0
2507,Segment 4,863.21,1699.94,3,47.0
2508,Segment 0,192.9,0.0,1,233.0
2509,Segment 0,227.68,0.0,5,242.0
2510,Segment 4,1093.18,211.0,7,23.0
2511,Segment 4,514.45,0.0,5,131.0
2512,Segment 0,94.84,43.5,1,389.0
2513,Segment 2,342.24,0.0,1,62.0
2514,Segment 4,433.56,0.0,3,208.0
2515,Segment 1,500.06,769.94,4,65.0
2516,Segment 0,228.45,93.78,2,195.0
2517,Segment 1,156.14,0.0,1,275.0
2518,Segment 0,136.1,0.0,0,310.0
2519,Segment 1,123.54,171.19,0,349.0
2520,Segment 1,562.98,0.0,1,21.0
2521,Segment 4,600.22,734.52,6,8.0
2522,Segment 2,454.51,583.65,0,42.0
2523,Segment 4,176.16,0.0,1,70.0
2524,Segment 0,258.96,0.0,2,212.0
2525,Segment 2,589.36,257.88,0,16.0
2526,Segment 4,339.93,0.0,2,204.0
2527,Segment 2,404.77,0.0,0,56.0
2528,Segment 4,705.61,2752.03,7,128.0
2529,Segment 4,167.5,0.0,1,72.0
2530,Segment 4,175.61,0.0,2,184.0
2531,Segment 4,252.19,0.0,3,138.0
2532,Segment 4,240.61,0.0,1,120.0
2533,Segment 1,367.48,626.95,0,69.0
2534,Segment 0,153.47,0.0,1,242.0
2535,Segment 2,433.47,291.48,3,72.0
2536,Segment 0,171.97,0.0,1,170.0
2537,Segment 0,109.08,0.0,0,405.0
2538,Segment 4,647.8,0.0,8,91.0
2539,Segment 2,364.9,0.0,0,70.0
2540,Segment 2,184.15,161.64,0,210.0
2541,Segment 0,178.23,0.0,1,225.0
2542,Segment 2,221.76,0.0,0,162.0
2543,Segment 0,167.93,0.0,1,268.0
2544,Segment 2,159.87,234.6,0,253.0
2545,Segment 2,237.97,0.0,0,146.0
2546,Segment 4,2839.31,2102.71,25,41.0
2547,Segment 4,223.87,334.53,2,197.0
2548,Segment 1,190.89,439.71,0,200.0
2549,Segment 1,163.38,504.5,0,246.0
2550,Segment 0,114.34,0.0,0,383.0
2551,Segment 4,318.18,454.48,1,188.0
2552,Segment 2,160.37,1465.2,0,252.0
2553,Segment 0,109.54,0.0,0,403.0
2554,Segment 2,652.22,0.0,2,188.0
2555,Segment 0,98.4,0.0,0,457.0
2556,Segment 0,114.34,1399.92,0,383.0
2557,Segment 0,84.95,0.0,0,541.0
2558,Segment 4,555.36,905.5,1,277.0
2559,Segment 2,184.8,0.0,0,209.0
2560,Segment 4,1437.22,5091.28,8,58.0
2561,Segment 4,286.35,114.31,4,74.0
2562,Segment 0,168.81,3559.21,1,348.0
2563,Segment 4,797.04,1296.37,4,144.0
2564,Segment 0,127.77,0.0,0,335.0
2565,Segment 0,93.13,0.0,0,487.0
2566,Segment 0,161.57,91.32,3,264.0
2567,Segment 4,548.32,741.77,5,19.0
2568,Segment 1,167.58,0.0,0,238.0
2569,Segment 2,1289.99,1455.17,1,26.0
2570,Segment 4,983.59,1012.16,5,57.0
2571,Segment 4,445.8,1280.58,2,286.0
2572,Segment 2,200.43,0.0,0,187.0
2573,Segment 0,101.85,0.0,0,439.0
2574,Segment 4,2323.79,291.6,7,127.0
2575,Segment 4,4450.41,7425.74,21,18.0
2576,Segment 0,86.36,0.0,0,531.0
2577,Segment 2,217.49,0.0,1,212.0
2578,Segment 1,1402.51,3348.16,4,83.0
2579,Segment 4,134.23,0.0,1,170.0
2580,Segment 0,131.25,52.83,2,328.0
2581,Segment 2,467.81,972.08,2,189.0
2582,Segment 2,985.62,371.16,2,27.0
2583,Segment 2,199.67,0.0,0,188.0
2584,Segment 2,247.01,0.0,0,138.0
2585,Segment 0,191.34,19.8,2,167.0
2586,Segment 4,5315.31,8603.26,20,7.0
2587,Segment 4,1084.71,1521.78,10,33.0
2588,Segment 2,194.45,0.0,0,195.0
2589,Segment 2,458.54,0.0,0,41.0
2590,Segment 4,1004.91,938.23,9,23.0
2591,Segment 2,243.53,0.0,1,191.0
2592,Segment 4,1724.91,1031.87,8,20.0
2593,Segment 4,1686.91,412.01,13,196.0
2594,Segment 0,107.07,440.0,0,414.0
2595,Segment 2,302.93,442.04,1,181.0
2596,Segment 4,1141.35,1528.49,12,27.0
2597,Segment 2,386.66,0.0,0,62.0
2598,Segment 2,1498.08,2004.59,7,18.0
2599,Segment 2,362.59,949.22,1,54.0
2600,Segment 4,695.39,1186.83,6,166.0
2601,Segment 0,86.07,0.0,0,533.0
2602,Segment 1,535.78,125.01,3,44.0
2603,Segment 2,179.71,0.0,0,217.0
2604,Segment 0,133.39,0.0,5,345.0
2605,Segment 2,203.57,213.3,0,183.0
2606,Segment 1,162.1,0.0,1,320.0
2607,Segment 2,233.35,0.0,1,96.0
2608,Segment 4,1936.43,1783.04,14,19.0
2609,Segment 2,206.8,153.64,0,179.0
2610,Segment 1,107.07,0.0,0,414.0
2611,Segment 4,2169.67,2527.47,16,2.0
2612,Segment 0,109.54,0.0,0,403.0
2613,Segment 4,484.38,747.41,5,124.0
2614,Segment 4,498.17,437.73,6,109.0
2615,Segment 1,416.26,436.06,3,202.0
2616,Segment 4,151.38,0.0,1,25.0
2617,Segment 2,330.1,0.0,0,85.0
2618,Segment 4,2175.04,3131.48,20,9.0
2619,Segment 1,100.28,0.0,0,447.0
2620,Segment 0,116.12,0.0,0,376.0
2621,Segment 2,187.46,0.0,0,205.0
2622,Segment 4,467.69,456.99,4,23.0
2623,Segment 4,187.88,0.0,2,159.0
2624,Segment 4,668.39,575.07,4,8.0
2625,Segment 0,112.42,0.0,1,271.0
2626,Segment 0,121.27,0.0,1,200.0
2627,Segment 4,798.79,1087.21,5,140.0
2628,Segment 4,2455.38,1640.1,18,14.0
2629,Segment 4,748.44,650.43,8,194.0
2630,Segment 4,844.2,1659.88,4,56.0
2631,Segment 0,105.01,583.24,2,426.0
2632,Segment 2,456.95,112.1,3,166.0
2633,Segment 0,104.29,0.0,0,427.0
2634,Segment 4,121.66,229.23,2,113.0
2635,Segment 2,402.67,132.25,3,121.0
2636,Segment 1,377.97,0.0,7,184.0
2637,Segment 4,1225.9,86.67,22,34.0
2638,Segment 2,518.3,379.3,0,28.0
2639,Segment 2,202.77,0.0,0,184.0
2640,Segment 4,158.64,712.36,1,207.0
2641,Segment 0,134.75,0.0,2,400.0
2642,Segment 2,448.96,568.8,3,159.0
2643,Segment 0,93.46,0.0,0,485.0
2644,Segment 2,516.37,0.0,1,63.0
2645,Segment 4,461.5,0.0,3,190.0
2646,Segment 0,90.84,0.0,2,390.0
2647,Segment 1,454.51,1503.87,0,42.0
2648,Segment 0,141.64,0.0,0,295.0
2649,Segment 1,1140.44,16.9,7,22.0
2650,Segment 0,114.34,315.72,0,383.0
2651,Segment 2,169.21,235.68,0,235.0
2652,Segment 2,396.14,312.91,1,12.0
2653,Segment 0,336.86,0.0,3,236.0
2654,Segment 4,3747.7,2027.97,21,11.0
2655,Segment 4,682.3,754.92,10,8.0
2656,Segment 1,98.58,48.48,0,456.0
2657,Segment 4,460.75,508.05,6,60.0
2658,Segment 4,1359.11,885.76,13,30.0
2659,Segment 4,451.27,0.0,8,144.0
2660,Segment 2,176.07,1093.68,0,223.0
2661,Segment 4,578.62,1231.79,14,64.0
2662,Segment 0,106.2,0.0,0,418.0
2663,Segment 1,575.13,0.0,2,245.0
2664,Segment 4,4623.16,5652.18,28,20.0
2665,Segment 2,163.38,0.0,0,246.0
2666,Segment 2,352.96,0.0,2,204.0
2667,Segment 1,700.05,669.02,2,28.0
2668,Segment 1,1885.33,747.33,7,5.0
2669,Segment 4,524.02,301.03,6,201.0
2670,Segment 2,591.31,276.73,1,14.0
2671,Segment 4,935.87,809.23,5,43.0
2672,Segment 1,320.59,393.92,1,137.0
2673,Segment 0,211.36,0.0,1,265.0
2674,Segment 4,942.64,2174.63,9,63.0
2675,Segment 0,393.85,0.0,2,258.0
2676,Segment 4,230.44,789.49,1,12.0
2677,Segment 0,99.71,0.0,0,450.0
2678,Segment 2,1255.25,1921.71,2,33.0
2679,Segment 4,10.61,0.0,12,317.0
2680,Segment 2,197.4,243.55,0,191.0
2681,Segment 2,188.82,0.0,0,203.0
2682,Segment 4,369.49,418.06,2,90.0
2683,Segment 0,175.62,223.36,3,221.0
2684,Segment 4,689.38,0.0,4,186.0
2685,Segment 1,178.26,425.32,1,259.0
2686,Segment 4,4682.72,6711.68,16,34.0
2687,Segment 4,1444.13,581.82,10,68.0
2688,Segment 0,85.51,0.0,0,537.0
2689,Segment 2,319.93,310.3,0,90.0
2690,Segment 2,585.25,380.35,1,64.0
2691,Segment 1,155.02,611.59,1,222.0
2692,Segment 2,549.57,107.6,3,54.0
2693,Segment 2,176.07,0.0,0,223.0
2694,Segment 2,759.38,0.0,1,12.0
2695,Segment 2,644.58,0.0,3,144.0
2696,Segment 1,144.56,0.0,1,329.0
2697,Segment 4,323.02,418.98,2,68.0
2698,Segment 2,432.22,337.74,3,195.0
2699,Segment 1,421.23,0.0,0,51.0
2700,Segment 2,431.37,441.64,1,28.0
2701,Segment 4,582.98,7.5,5,5.0
2702,Segment 0,143.66,306.45,1,194.0
2703,Segment 4,651.45,858.09,8,12.0
2704,Segment 4,436.64,0.0,7,125.0
2705,Segment 0,98.72,0.0,1,469.0
2706,Segment 1,220.07,386.43,2,257.0
2707,Segment 4,979.13,765.79,3,51.0
2708,Segment 0,178.99,0.0,1,280.0
2709,Segment 2,534.4,0.0,0,25.0
2710,Segment 2,362.35,478.89,0,71.0
2711,Segment 1,198.07,0.0,1,104.0
2712,Segment 2,1071.56,1619.36,2,50.0
2713,Segment 0,86.07,0.0,0,533.0
2714,Segment 4,1592.26,1030.19,6,22.0
2715,Segment 4,1505.9,1066.94,9,23.0
2716,Segment 2,235.35,278.69,1,88.0
2717,Segment 1,317.98,2446.69,0,91.0
2718,Segment 2,251.72,657.23,1,229.0
2719,Segment 2,393.75,352.7,1,203.0
2720,Segment 4,796.91,854.79,7,174.0
2721,Segment 4,705.24,600.68,6,88.0
2722,Segment 0,119.75,0.0,1,407.0
2723,Segment 0,147.24,193.75,0,281.0
2724,Segment 0,97.16,0.0,2,355.0
2725,Segment 2,157.46,0.0,0,258.0
2726,Segment 2,173.14,0.0,0,228.0
2727,Segment 2,1027.3,1589.0,3,76.0
2728,Segment 2,174.3,0.0,0,226.0
2729,Segment 0,150.85,150.6,1,169.0
2730,Segment 4,225.41,0.0,3,60.0
2731,Segment 0,96.58,0.0,0,467.0
2732,Segment 4,1792.74,3802.42,15,11.0
2733,Segment 4,340.71,0.0,2,74.0
2734,Segment 4,928.44,1076.21,10,28.0
2735,Segment 0,91.5,0.0,0,497.0
2736,Segment 0,103.26,0.0,0,432.0
2737,Segment 0,146.0,0.0,0,284.0
2738,Segment 2,359.84,0.0,0,72.0
2739,Segment 4,652.96,1354.77,2,23.0
2740,Segment 2,640.71,0.0,0,9.0
2741,Segment 1,1503.16,1268.09,6,30.0
2742,Segment 4,173.1,0.0,1,91.0
2743,Segment 2,174.88,0.0,0,225.0
2744,Segment 0,159.46,0.0,1,364.0
2745,Segment 4,792.28,772.56,7,95.0
2746,Segment 1,205.74,185.55,2,174.0
2747,Segment 0,162.76,330.03,2,261.0
2748,Segment 0,107.4,0.0,2,363.0
2749,Segment 4,728.32,216.37,9,9.0
2750,Segment 4,343.69,0.0,4,42.0
2751,Segment 0,123.83,0.0,0,348.0
2752,Segment 4,2273.22,2599.55,24,7.0
2753,Segment 0,120.96,598.73,0,358.0
2754,Segment 1,1033.45,1887.16,5,98.0
2755,Segment 4,362.75,0.0,3,172.0
2756,Segment 1,363.19,0.0,2,9.0
2757,Segment 2,192.3,0.0,0,198.0
2758,Segment 4,2221.18,1928.09,10,6.0
2759,Segment 1,257.33,0.0,1,187.0
2760,Segment 1,283.66,0.0,2,20.0
2761,Segment 1,610.38,653.45,2,14.0
2762,Segment 0,120.13,0.0,0,361.0
2763,Segment 4,545.63,0.0,8,20.0
2764,Segment 2,319.93,0.0,0,90.0
2765,Segment 4,606.42,760.8,2,8.0
2766,Segment 2,172.57,0.0,0,229.0
2767,Segment 1,164.93,0.0,0,243.0
2768,Segment 1,424.68,651.93,0,50.0
2769,Segment 4,3339.5,2199.38,29,12.0
2770,Segment 0,151.72,0.0,1,266.0
2771,Segment 0,104.29,0.0,0,427.0
2772,Segment 2,446.66,768.39,0,44.0
2773,Segment 4,459.28,946.64,5,183.0
2774,Segment 2,157.94,144.36,0,257.0
2775,Segment 3,14907.03,0.0,1,43.0
2776,Segment 4,1316.29,1852.13,11,91.0
2777,Segment 0,232.27,0.0,6,268.0
2778,Segment 2,1059.53,1575.47,4,57.0
2779,Segment 2,281.78,0.0,0,112.0
2780,Segment 4,541.34,363.87,6,54.0
2781,Segment 4,1271.23,1698.15,12,43.0
2782,Segment 2,611.16,283.84,1,21.0
2783,Segment 4,947.52,453.06,4,25.0
2784,Segment 4,317.46,0.0,6,26.0
2785,Segment 2,161.36,0.0,0,250.0
2786,Segment 4,821.76,2124.54,2,84.0
2787,Segment 0,95.34,0.0,0,474.0
2788,Segment 1,171.95,315.06,1,264.0
2789,Segment 4,4552.64,142.68,31,11.0
2790,Segment 4,17957.33,23934.0,29,5.0
2791,Segment 0,105.77,0.0,0,420.0
2792,Segment 0,151.78,0.0,2,412.0
2793,Segment 2,174.3,0.0,0,226.0
2794,Segment 2,179.71,635.68,0,217.0
2795,Segment 0,310.24,270.8,4,226.0
2796,Segment 4,152.51,0.0,1,53.0
2797,Segment 4,818.74,0.0,5,49.0
2798,Segment 2,167.04,0.0,0,239.0
2799,Segment 0,140.03,0.0,1,271.0
2800,Segment 2,396.02,72.52,1,50.0
2801,Segment 2,280.26,250.21,0,113.0
2802,Segment 2,167.58,2593.94,0,238.0
2803,Segment 0,197.12,0.0,1,275.0
2804,Segment 1,1491.36,985.13,9,5.0
2805,Segment 1,700.87,4821.0,1,225.0
2806,Segment 1,134.01,0.0,0,316.0
2807,Segment 4,602.71,0.0,4,166.0
2808,Segment 1,1053.94,389.45,3,12.0
2809,Segment 0,245.98,0.0,1,207.0
2810,Segment 4,517.52,642.32,5,76.0
2811,Segment 0,45.99,0.0,1,544.0
2812,Segment 0,359.89,610.01,5,238.0
2813,Segment 4,1334.56,1734.77,11,8.0
2814,Segment 4,761.33,367.2,3,22.0
2815,Segment 0,368.41,0.0,2,300.0
2816,Segment 2,338.45,563.92,1,142.0
2817,Segment 4,267.45,452.39,2,54.0
2818,Segment 0,337.55,415.82,2,253.0
2819,Segment 2,665.59,3323.19,0,6.0
2820,Segment 4,2015.39,2951.1,12,5.0
2821,Segment 2,332.21,484.22,0,84.0
2822,Segment 0,239.8,903.9,1,216.0
2823,Segment 4,3414.75,0.0,20,114.0
2824,Segment 4,453.14,15.9,4,12.0
2825,Segment 4,772.63,416.83,5,40.0
2826,Segment 2,1059.32,917.88,4,13.0
2827,Segment 4,1243.22,1036.38,8,62.0
2828,Segment 2,1166.48,0.0,1,15.0
2829,Segment 0,235.75,1919.23,1,201.0
2830,Segment 2,1559.61,706.52,2,20.0
2831,Segment 1,123.25,0.0,0,350.0
2832,Segment 4,693.41,0.0,2,228.0
2833,Segment 0,111.17,0.0,0,396.0
2834,Segment 4,1056.86,728.31,5,7.0
2835,Segment 2,260.61,0.0,0,127.0
2836,Segment 4,348.5,445.27,4,167.0
2837,Segment 0,44.89,0.0,1,537.0
2838,Segment 0,274.36,0.0,1,261.0
2839,Segment 4,377.12,929.36,1,18.0
2840,Segment 4,810.08,889.1,16,23.0
2841,Segment 2,203.57,0.0,0,183.0
2842,Segment 2,254.24,484.7,0,132.0
2843,Segment 2,386.66,0.0,0,62.0
2844,Segment 0,84.4,0.0,0,545.0
2845,Segment 1,976.73,952.38,2,85.0
2846,Segment 2,411.83,465.78,1,68.0
2847,Segment 0,142.42,391.98,0,293.0
2848,Segment 4,8965.73,27540.18,19,26.0
2849,Segment 4,647.04,605.8,6,26.0
2850,Segment 1,258.63,0.0,1,201.0
2851,Segment 2,283.32,0.0,0,111.0
2852,Segment 4,716.09,2164.71,5,18.0
2853,Segment 2,195.91,0.0,0,193.0
2854,Segment 4,298.65,208.59,3,96.0
2855,Segment 0,103.88,0.0,0,429.0
2856,Segment 4,279.52,234.88,3,184.0
2857,Segment 0,128.09,0.0,0,334.0
2858,Segment 2,192.63,57.5,1,5.0
2859,Segment 4,1207.84,1384.73,14,12.0
2860,Segment 2,358.31,369.73,3,14.0
2861,Segment 4,6692.18,9191.33,30,11.0
2862,Segment 2,167.58,297.0,0,238.0
2863,Segment 4,865.26,611.35,9,97.0
2864,Segment 2,166.51,0.0,0,240.0
2865,Segment 4,595.42,544.9,11,40.0
2866,Segment 4,580.75,2265.68,4,75.0
2867,Segment 4,599.0,341.87,7,12.0
2868,Segment 4,162.6,59.64,3,0.0
2869,Segment 1,338.68,1541.26,1,124.0
2870,Segment 4,379.01,581.2,2,21.0
2871,Segment 4,2017.94,2037.7,23,4.0
2872,Segment 0,112.37,0.0,0,391.0
2873,Segment 4,165.77,0.0,1,85.0
2874,Segment 2,213.14,351.44,1,204.0
2875,Segment 2,163.89,0.0,0,245.0
2876,Segment 2,230.82,316.25,1,186.0
2877,Segment 1,104.34,0.0,1,307.0
2878,Segment 4,2727.32,2243.08,13,25.0
2879,Segment 0,98.95,0.0,0,454.0
2880,Segment 2,413.12,0.0,1,217.0
2881,Segment 0,112.55,0.0,1,369.0
2882,Segment 4,360.91,0.0,3,212.0
2883,Segment 1,208.45,0.0,0,177.0
2884,Segment 1,411.63,0.0,1,120.0
2885,Segment 4,385.0,0.0,5,6.0
2886,Segment 0,98.68,0.0,1,240.0
2887,Segment 4,225.1,349.35,11,191.0
2888,Segment 0,285.81,181.09,1,224.0
2889,Segment 0,315.21,0.0,2,214.0
2890,Segment 0,198.89,135.6,1,208.0
2891,Segment 4,354.34,132.1,6,177.0
2892,Segment 0,207.95,0.0,2,202.0
2893,Segment 2,488.88,0.0,0,34.0
2894,Segment 0,94.82,0.0,0,477.0
2895,Segment 0,143.99,0.0,0,289.0
2896,Segment 2,306.83,0.0,1,61.0
2897,Segment 2,701.98,0.0,0,2.0
2898,Segment 4,1378.48,385.89,22,34.0
2899,Segment 2,209.29,0.0,0,176.0
2900,Segment 0,252.45,337.28,2,221.0
2901,Segment 0,144.96,349.75,2,259.0
2902,Segment 2,199.67,0.0,0,188.0
2903,Segment 4,1473.11,4485.12,6,35.0
2904,Segment 0,122.96,0.0,0,351.0
2905,Segment 2,956.87,884.53,4,27.0
2906,Segment 2,576.18,658.8,0,18.0
2907,Segment 0,254.19,0.0,1,298.0
2908,Segment 4,733.29,678.27,10,15.0
2909,Segment 0,7.21,0.0,6,431.0
2910,Segment 4,263.04,123.13,4,41.0
2911,Segment 0,125.62,0.0,0,342.0
2912,Segment 2,201.21,0.0,0,186.0
2913,Segment 2,184.8,0.0,0,209.0
2914,Segment 4,684.74,750.71,7,54.0
2915,Segment 4,228.03,0.0,3,55.0
2916,Segment 4,162.25,192.23,1,79.0
2917,Segment 2,209.29,311.61,0,176.0
2918,Segment 0,171.47,163.55,3,232.0
2919,Segment 0,216.19,323.03,2,204.0
2920,Segment 1,205.17,0.0,0,181.0
2921,Segment 2,205.98,0.0,0,180.0
2922,Segment 0,85.23,0.0,0,539.0
2923,Segment 2,701.98,0.0,0,2.0
2924,Segment 0,123.25,0.0,0,350.0
2925,Segment 0,98.77,0.0,0,455.0
2926,Segment 0,97.11,0.0,0,464.0
2927,Segment 0,99.33,0.0,0,452.0
2928,Segment 2,168.66,0.0,0,236.0
2929,Segment 2,1319.42,1201.37,3,22.0
2930,Segment 2,346.51,0.0,1,225.0
2931,Segment 2,435.39,0.0,0,47.0
2932,Segment 2,203.42,0.0,1,187.0
2933,Segment 4,397.51,69.28,7,9.0
2934,Segment 2,3502.69,1482.66,8,4.0
2935,Segment 2,271.49,0.0,0,119.0
2936,Segment 1,100.67,0.0,0,445.0
2937,Segment 0,83.59,0.0,1,457.0
2938,Segment 4,541.9,0.0,3,84.0
2939,Segment 0,240.83,0.0,3,173.0
2940,Segment 0,387.23,0.0,1,310.0
2941,Segment 2,170.87,955.24,0,232.0
2942,Segment 4,1478.49,1255.64,6,167.0
2943,Segment 2,430.5,294.4,1,93.0
2944,Segment 2,493.55,549.26,0,33.0
2945,Segment 4,742.17,828.99,12,19.0
2946,Segment 0,110.94,0.0,0,397.0
2947,Segment 4,1733.7,2954.14,10,11.0
2948,Segment 0,150.97,0.0,1,359.0
2949,Segment 2,173.14,428.89,0,228.0
2950,Segment 0,227.32,104.35,2,211.0
2951,Segment 0,92.64,0.0,0,490.0
2952,Segment 2,211.32,0.0,3,182.0
2953,Segment 2,200.43,0.0,0,187.0
2954,Segment 2,157.94,0.0,0,257.0
2955,Segment 0,95.87,0.0,0,471.0
2956,Segment 4,551.88,652.68,8,175.0
2957,Segment 1,157.46,0.0,0,258.0
2958,Segment 4,789.8,235.78,9,126.0
2959,Segment 2,193.73,0.0,0,196.0
2960,Segment 0,249.8,582.9,1,233.0
2961,Segment 4,223.5,0.0,1,111.0
2962,Segment 4,798.09,3113.7,8,50.0
2963,Segment 0,340.82,0.0,3,264.0
2964,Segment 1,225.03,0.0,1,174.0
2965,Segment 2,1135.99,1868.66,2,19.0
2966,Segment 4,664.2,217.65,4,28.0
2967,Segment 4,522.12,1098.78,1,240.0
2968,Segment 0,107.96,0.0,0,410.0
2969,Segment 1,1146.69,1638.68,2,62.0
2970,Segment 4,2749.46,1786.28,16,18.0
2971,Segment 0,107.29,0.0,0,413.0
2972,Segment 4,739.98,326.75,6,168.0
2973,Segment 4,1883.56,1984.6,19,41.0
2974,Segment 4,881.04,242.84,4,44.0
2975,Segment 2,198.9,168.12,0,189.0
2976,Segment 2,602.34,916.69,3,7.0
2977,Segment 0,162.45,156.78,1,359.0
2978,Segment 4,151.63,0.0,1,183.0
2979,Segment 4,581.47,390.74,5,95.0
2980,Segment 0,125.62,0.0,0,342.0
2981,Segment 2,359.15,41.99,1,204.0
2982,Segment 1,214.11,414.27,1,219.0
2983,Segment 2,176.66,0.0,0,222.0
2984,Segment 2,598.05,389.51,3,71.0
2985,Segment 4,1878.85,1304.8,11,70.0
2986,Segment 0,84.68,0.0,0,543.0
2987,Segment 2,198.9,0.0,0,189.0
2988,Segment 0,103.06,0.0,0,433.0
2989,Segment 4,1055.92,1554.37,4,167.0
2990,Segment 0,468.58,0.0,3,282.0
2991,Segment 2,1028.8,423.79,6,78.0
2992,Segment 2,289.53,0.0,1,19.0
2993,Segment 4,702.77,1329.84,3,23.0
2994,Segment 4,1824.68,339.63,12,12.0
2995,Segment 2,1139.11,0.0,9,53.0
2996,Segment 4,1017.91,2369.62,18,41.0
2997,Segment 4,330.91,1415.29,1,209.0
2998,Segment 4,8633.18,22551.08,33,0.0
2999,Segment 4,249.73,383.95,2,99.0
3000,Segment 1,948.36,657.49,5,4.0
3001,Segment 0,294.95,211.88,3,225.0
3002,Segment 0,120.52,408.9,1,204.0
3003,Segment 4,4429.27,1281.74,19,40.0
3004,Segment 2,244.33,0.0,1,203.0
3005,Segment 2,370.11,0.0,0,68.0
3006,Segment 2,752.28,219.12,1,0.0
3007,Segment 2,178.48,245.75,0,219.0
3008,Segment 4,547.55,417.95,9,26.0
3009,Segment 0,109.54,0.0,0,403.0
3010,Segment 3,18599.44,33532.02,50,7.0
3011,Segment 2,274.35,0.0,0,117.0
3012,Segment 2,407.96,242.27,0,55.0
3013,Segment 0,79.76,0.0,5,264.0
3014,Segment 4,2520.44,5502.7,15,8.0
3015,Segment 2,675.2,0.0,5,4.0
3016,Segment 0,118.22,0.0,0,368.0
3017,Segment 4,493.48,570.19,2,71.0
3018,Segment 4,494.14,0.0,4,77.0
3019,Segment 1,640.71,154.83,0,9.0
3020,Segment 0,199.23,0.0,1,231.0
3021,Segment 4,536.9,891.12,4,76.0
3022,Segment 1,361.89,1152.52,2,140.0
3023,Segment 2,800.98,97.5,6,19.0
3024,Segment 2,164.93,0.0,0,243.0
3025,Segment 4,1064.03,479.45,4,53.0
3026,Segment 0,117.69,0.0,0,370.0
3027,Segment 4,347.03,0.0,2,181.0
3028,Segment 2,342.19,1074.81,2,183.0
3029,Segment 2,204.52,137.9,1,191.0
3030,Segment 0,92.8,0.0,0,489.0
3031,Segment 1,545.66,1511.95,2,221.0
3032,Segment 1,365.07,783.9,2,226.0
3033,Segment 2,518.3,0.0,0,28.0
3034,Segment 1,733.95,1165.98,4,19.0
3035,Segment 2,181.58,0.0,0,214.0
3036,Segment 4,946.37,812.16,8,62.0
3037,Segment 2,208.0,0.0,2,208.0
3038,Segment 1,167.04,0.0,0,239.0
3039,Segment 4,875.52,575.44,4,49.0
3040,Segment 2,370.11,0.0,0,68.0
3041,Segment 0,86.07,0.0,0,533.0
3042,Segment 2,463.23,0.0,5,173.0
3043,Segment 1,261.34,0.0,2,370.0
3044,Segment 0,110.0,0.0,0,401.0
3045,Segment 2,174.88,0.0,0,225.0
3046,Segment 0,186.84,326.24,2,335.0
3047,Segment 4,1033.57,0.0,2,96.0
3048,Segment 1,292.89,0.0,0,105.0
3049,Segment 2,192.3,0.0,0,198.0
3050,Segment 1,176.85,0.0,1,310.0
3051,Segment 2,589.36,1868.08,0,16.0
3052,Segment 1,103.06,0.0,0,433.0
3053,Segment 4,134.22,0.0,1,91.0
3054,Segment 1,277.21,86.9,2,82.0
3055,Segment 4,720.44,2231.29,4,67.0
3056,Segment 0,94.65,0.0,0,478.0
3057,Segment 2,434.99,979.64,2,168.0
3058,Segment 2,289.63,0.0,0,107.0
3059,Segment 4,571.46,656.47,8,44.0
3060,Segment 4,660.44,534.33,7,8.0
3061,Segment 0,476.36,0.0,4,197.0
3062,Segment 0,202.0,0.0,1,383.0
3063,Segment 2,184.62,0.0,1,194.0
3064,Segment 0,103.26,0.0,0,432.0
3065,Segment 2,665.59,157.81,0,6.0
3066,Segment 4,475.51,194.13,3,5.0
3067,Segment 1,1053.56,826.13,7,27.0
3068,Segment 2,154.66,0.0,0,264.0
3069,Segment 4,447.79,0.0,3,72.0
3070,Segment 2,431.76,0.0,0,48.0
3071,Segment 4,967.66,995.33,9,42.0
3072,Segment 4,466.63,413.6,4,33.0
3073,Segment 2,151.96,0.0,0,270.0
3074,Segment 4,442.6,1245.96,2,242.0
3075,Segment 4,1682.58,895.18,16,34.0
3076,Segment 4,441.2,298.21,6,226.0
3077,Segment 4,769.97,0.0,4,56.0
3078,Segment 1,395.76,816.1,2,242.0
3079,Segment 4,287.34,0.0,2,26.0
3080,Segment 4,430.24,642.77,2,70.0
3081,Segment 2,168.66,0.0,0,236.0
3082,Segment 2,268.76,59.6,1,141.0
3083,Segment 4,630.16,1154.58,6,20.0
3084,Segment 1,569.81,0.0,0,19.0
3085,Segment 1,208.39,232.21,1,210.0
3086,Segment 1,97.84,0.0,0,460.0
3087,Segment 0,374.52,423.36,5,202.0
3088,Segment 2,172.0,1294.14,0,230.0
3089,Segment 4,407.51,568.72,2,23.0
3090,Segment 2,336.64,434.58,3,140.0
3091,Segment 4,441.19,0.0,3,125.0
3092,Segment 4,589.82,0.0,13,175.0
3093,Segment 4,2575.65,5396.42,11,104.0
3094,Segment 0,85.93,656.25,0,534.0
3095,Segment 4,996.05,1491.92,5,90.0
3096,Segment 2,444.55,0.0,2,215.0
3097,Segment 0,323.22,0.0,3,230.0
3098,Segment 4,2024.76,1842.02,5,15.0
3099,Segment 0,165.95,0.0,1,352.0
3100,Segment 4,5247.66,7895.27,29,4.0
3101,Segment 1,448.25,334.56,3,167.0
3102,Segment 4,297.24,0.0,1,70.0
3103,Segment 1,157.35,550.08,1,85.0
3104,Segment 0,92.97,0.0,0,488.0
3105,Segment 4,252.09,0.0,2,186.0
3106,Segment 4,178.75,495.61,2,14.0
3107,Segment 2,222.48,584.04,1,179.0
3108,Segment 2,174.88,620.4,0,225.0
3109,Segment 2,401.64,0.0,0,57.0
3110,Segment 4,1117.89,850.77,9,20.0
3111,Segment 2,411.2,0.0,0,54.0
3112,Segment 4,1474.8,2437.66,11,34.0
3113,Segment 2,527.58,75.0,2,11.0
3114,Segment 4,466.03,375.0,3,208.0
3115,Segment 2,224.86,0.0,1,104.0
3116,Segment 2,168.12,280.52,0,237.0
3117,Segment 1,808.18,1025.19,6,78.0
3118,Segment 2,350.13,0.0,0,76.0
3119,Segment 4,1080.39,1422.32,7,25.0
3120,Segment 2,321.02,0.0,3,189.0
3121,Segment 4,1191.44,1997.62,11,14.0
3122,Segment 0,35.26,0.0,7,330.0
3123,Segment 4,356.86,0.0,3,89.0
3124,Segment 4,3132.5,3241.62,32,6.0
3125,Segment 2,392.51,0.0,0,60.0
3126,Segment 4,406.48,0.0,4,173.0
3127,Segment 0,135.05,0.0,0,313.0
3128,Segment 1,151.42,0.0,1,236.0
3129,Segment 1,295.43,0.0,3,222.0
3130,Segment 4,2445.71,2518.79,39,0.0
3131,Segment 4,1885.6,1254.84,15,42.0
3132,Segment 2,566.66,940.83,3,49.0
3133,Segment 0,251.9,1009.55,3,299.0
3134,Segment 4,539.84,570.61,4,12.0
3135,Segment 0,469.87,0.0,3,229.0
3136,Segment 1,370.94,331.95,5,244.0
3137,Segment 2,184.8,197.9,0,209.0
3138,Segment 4,3004.19,7499.55,6,18.0
3139,Segment 4,1960.02,4100.65,6,11.0
3140,Segment 2,201.34,338.71,2,202.0
3141,Segment 2,569.81,1007.32,0,19.0
3142,Segment 4,251.61,194.41,1,40.0
3143,Segment 4,1726.44,2944.73,15,19.0
3144,Segment 2,2310.06,4276.6,3,11.0
3145,Segment 2,542.72,416.09,2,34.0
3146,Segment 4,634.98,215.08,6,202.0
3147,Segment 4,3708.04,2370.74,10,70.0
3148,Segment 0,84.68,0.0,0,543.0
3149,Segment 2,371.2,0.0,1,44.0
3150,Segment 2,203.57,0.0,0,183.0
3151,Segment 0,86.36,0.0,0,531.0
3152,Segment 0,141.26,0.0,0,296.0
3153,Segment 0,166.76,0.0,8,277.0
3154,Segment 2,163.89,400.68,0,245.0
3155,Segment 0,301.08,0.0,6,200.0
3156,Segment 4,942.65,1068.87,6,190.0
3157,Segment 2,176.07,1821.52,0,223.0
3158,Segment 4,653.8,0.0,6,168.0
3159,Segment 2,347.53,274.6,3,35.0
3160,Segment 1,174.5,384.18,1,188.0
3161,Segment 2,410.78,751.03,2,204.0
3162,Segment 4,767.74,248.31,9,16.0
3163,Segment 4,1060.75,166.67,8,97.0
3164,Segment 4,730.86,1956.67,4,54.0
3165,Segment 4,6846.03,10493.09,20,21.0
3166,Segment 2,247.16,542.77,1,229.0
3167,Segment 4,359.54,192.19,2,91.0
3168,Segment 2,581.39,313.08,2,60.0
3169,Segment 2,352.51,0.0,0,75.0
3170,Segment 2,480.77,0.0,1,43.0
3171,Segment 4,1147.83,1355.92,8,14.0
3172,Segment 0,136.82,0.0,0,308.0
3173,Segment 2,716.91,545.49,7,83.0
3174,Segment 4,289.34,0.0,1,126.0
3175,Segment 2,398.79,0.0,1,182.0
3176,Segment 2,565.72,752.09,2,48.0
3177,Segment 4,742.58,679.71,9,85.0
3178,Segment 2,445.29,0.0,4,11.0
3179,Segment 1,403.99,0.0,2,33.0
3180,Segment 1,348.31,0.0,1,193.0
3181,Segment 4,850.97,652.4,4,20.0
3182,Segment 2,518.3,266.1,0,28.0
3183,Segment 4,369.46,0.0,3,187.0
3184,Segment 4,707.0,616.76,3,23.0
3185,Segment 4,421.66,210.18,7,137.0
3186,Segment 0,152.62,0.0,2,284.0
3187,Segment 2,557.7,512.85,5,103.0
3188,Segment 2,163.89,0.0,0,245.0
3189,Segment 2,172.0,0.0,0,230.0
3190,Segment 2,388.53,372.9,3,190.0
3191,Segment 2,1356.52,1761.75,6,20.0
3192,Segment 4,1406.73,3186.96,7,22.0
3193,Segment 2,518.15,0.0,1,19.0
3194,Segment 1,380.98,907.23,0,64.0
3195,Segment 0,266.29,0.0,1,267.0
3196,Segment 2,772.53,779.54,1,9.0
3197,Segment 2,469.08,0.0,2,69.0
3198,Segment 0,132.64,0.0,0,320.0
3199,Segment 4,1496.54,1983.46,5,63.0
3200,Segment 4,357.5,0.0,2,186.0
3201,Segment 4,960.62,1547.63,10,54.0
3202,Segment 4,483.57,0.0,2,74.0
3203,Segment 4,2543.87,4171.05,8,27.0
3204,Segment 0,172.31,0.0,1,218.0
3205,Segment 2,408.06,476.02,2,54.0
3206,Segment 1,201.21,0.0,0,186.0
3207,Segment 2,171.44,0.0,0,231.0
3208,Segment 2,213.15,0.0,1,246.0
3209,Segment 2,2456.7,2521.86,6,68.0
3210,Segment 4,494.96,490.05,7,8.0
3211,Segment 0,110.47,0.0,0,399.0
3212,Segment 1,163.89,0.0,0,245.0
3213,Segment 2,222.71,0.0,0,161.0
3214,Segment 4,546.76,1256.42,4,166.0
3215,Segment 0,64.34,0.0,1,456.0
3216,Segment 2,205.17,0.0,0,181.0
3217,Segment 4,579.41,0.0,2,4.0
3218,Segment 0,310.97,810.6,1,287.0
3219,Segment 0,84.95,0.0,0,541.0
3220,Segment 1,182.36,537.83,1,288.0
3221,Segment 4,1090.32,1502.78,5,193.0
3222,Segment 0,86.07,0.0,0,533.0
3223,Segment 1,247.12,2062.06,1,231.0
3224,Segment 4,378.57,0.0,2,147.0
3225,Segment 4,827.16,1255.9,3,16.0
3226,Segment 2,190.2,812.68,0,201.0
3227,Segment 0,98.95,0.0,0,454.0
3228,Segment 1,124.31,0.0,1,285.0
3229,Segment 0,286.86,142.5,3,184.0
3230,Segment 0,148.5,0.0,0,278.0
3231,Segment 1,151.96,0.0,0,270.0
3232,Segment 0,288.43,0.0,3,272.0
3233,Segment 1,302.67,280.9,3,188.0
3234,Segment 4,938.67,1107.0,6,15.0
3235,Segment 0,146.0,0.0,0,284.0
3236,Segment 0,87.65,0.0,3,434.0
3237,Segment 1,350.13,0.0,0,76.0
3238,Segment 2,167.97,598.2,3,205.0
3239,Segment 1,145.6,0.0,0,285.0
3240,Segment 4,356.51,0.0,2,238.0
3241,Segment 0,84.54,0.0,0,544.0
3242,Segment 4,974.6,4478.65,4,141.0
3243,Segment 0,90.7,0.0,0,502.0
3244,Segment 2,561.73,0.0,5,21.0
3245,Segment 0,341.9,0.0,2,237.0
3246,Segment 4,843.68,1600.0,4,25.0
3247,Segment 2,431.76,352.47,0,48.0
3248,Segment 0,184.44,0.0,1,222.0
3249,Segment 2,166.51,0.0,0,240.0
3250,Segment 2,534.44,0.0,2,197.0
3251,Segment 2,222.12,0.0,1,138.0
3252,Segment 4,1845.36,1109.8,8,14.0
3253,Segment 4,492.45,770.89,2,105.0
3254,Segment 2,534.4,0.0,0,25.0
3255,Segment 4,1531.65,185.78,4,21.0
3256,Segment 4,162.15,75.0,3,113.0
3257,Segment 4,205.02,0.0,1,4.0
3258,Segment 4,966.9,372.82,9,53.0
3259,Segment 4,736.67,2487.94,12,22.0
3260,Segment 4,2557.59,1350.63,13,7.0
3261,Segment 0,117.43,0.0,0,371.0
3262,Segment 0,438.72,0.0,3,235.0
3263,Segment 0,197.72,242.21,2,232.0
3264,Segment 0,509.75,0.0,3,240.0
3265,Segment 4,290.25,1450.5,4,113.0
3266,Segment 2,11610.24,13539.6,7,0.0
3267,Segment 0,139.75,0.0,0,300.0
3268,Segment 0,107.26,0.0,6,359.0
3269,Segment 4,595.99,0.0,2,228.0
3270,Segment 2,316.04,0.0,0,92.0
3271,Segment 4,305.54,534.31,1,247.0
3272,Segment 4,794.33,1167.17,3,9.0
3273,Segment 2,180.95,328.58,0,215.0
3274,Segment 0,212.0,101.1,2,317.0
3275,Segment 2,143.2,565.46,0,291.0
3276,Segment 2,195.91,0.0,0,193.0
3277,Segment 4,590.91,847.45,7,196.0
3278,Segment 2,401.04,984.2,1,48.0
3279,Segment 2,304.92,0.0,0,98.0
3280,Segment 1,627.55,739.77,4,141.0
3281,Segment 4,823.16,0.0,12,140.0
3282,Segment 4,1552.26,4520.43,21,25.0
3283,Segment 4,291.33,395.8,2,187.0
3284,Segment 1,203.57,0.0,0,183.0
3285,Segment 4,294.29,0.0,4,5.0
3286,Segment 2,316.32,520.98,1,21.0
3287,Segment 2,189.5,2024.95,0,202.0
3288,Segment 4,630.49,734.66,11,22.0
3289,Segment 1,163.89,650.59,0,245.0
3290,Segment 4,676.13,1051.06,8,61.0
3291,Segment 0,241.65,327.3,2,390.0
3292,Segment 2,270.76,633.58,1,170.0
3293,Segment 2,164.93,479.91,0,243.0
3294,Segment 4,581.74,1188.88,4,4.0
3295,Segment 2,493.55,1029.74,0,33.0
3296,Segment 2,158.42,0.0,0,256.0
3297,Segment 4,353.87,355.73,2,217.0
3298,Segment 2,221.95,0.0,1,190.0
3299,Segment 4,482.25,304.58,3,70.0
3300,Segment 0,148.5,0.0,0,278.0
3301,Segment 4,323.58,0.0,1,75.0
3302,Segment 2,512.49,0.0,2,55.0
3303,Segment 2,181.63,0.0,1,203.0
3304,Segment 0,182.01,0.0,1,216.0
3305,Segment 4,754.88,334.3,5,76.0
3306,Segment 4,432.14,175.4,2,71.0
3307,Segment 4,231.56,407.66,2,174.0
3308,Segment 2,262.47,241.47,1,61.0
3309,Segment 4,361.8,0.0,4,130.0
3310,Segment 0,97.66,0.0,0,461.0
3311,Segment 2,873.19,692.1,1,13.0
3312,Segment 0,140.92,0.0,2,344.0
3313,Segment 4,391.21,0.0,3,208.0
3314,Segment 4,351.62,0.0,2,77.0
3315,Segment 4,925.02,2136.76,14,23.0
3316,Segment 1,587.16,854.98,1,56.0
3317,Segment 4,707.57,1031.5,8,131.0
3318,Segment 1,146.0,0.0,0,284.0
3319,Segment 0,102.45,0.0,0,436.0
3320,Segment 1,389.57,482.01,0,61.0
3321,Segment 2,325.24,229.61,1,43.0
3322,Segment 4,567.15,303.93,7,203.0
3323,Segment 4,1895.83,2405.25,13,18.0
3324,Segment 2,293.63,0.0,1,72.0
3325,Segment 1,270.08,0.0,0,120.0
3326,Segment 2,391.57,0.0,1,110.0
3327,Segment 0,151.51,154.35,1,258.0
3328,Segment 2,911.55,1289.89,7,2.0
3329,Segment 0,110.47,0.0,0,399.0
3330,Segment 4,1264.97,1219.42,8,50.0
3331,Segment 0,84.81,0.0,0,542.0
3332,Segment 2,297.6,83.15,2,177.0
3333,Segment 0,219.95,135.99,3,201.0
3334,Segment 2,203.57,262.2,0,183.0
3335,Segment 4,220.17,75.45,3,88.0
3336,Segment 0,150.77,200.27,1,391.0
3337,Segment 4,458.61,1031.4,4,198.0
3338,Segment 0,139.75,0.0,0,300.0
3339,Segment 2,458.01,485.21,2,34.0
3340,Segment 4,364.31,441.78,3,83.0
3341,Segment 2,188.14,0.0,0,204.0
3342,Segment 2,238.97,0.0,2,184.0
3343,Segment 3,13966.4,17100.54,64,8.0
3344,Segment 1,198.15,133.56,0,190.0
3345,Segment 2,284.87,0.0,0,110.0
3346,Segment 2,332.21,1535.39,0,84.0
3347,Segment 2,463.79,0.0,1,71.0
3348,Segment 2,218.7,0.0,1,221.0
3349,Segment 0,301.22,300.85,4,189.0
3350,Segment 2,586.75,0.0,1,21.0
3351,Segment 2,180.33,184.26,0,216.0
3352,Segment 4,570.23,795.08,7,0.0
3353,Segment 0,214.94,0.0,1,320.0
3354,Segment 0,50.13,0.0,2,476.0
3355,Segment 2,245.97,0.0,1,189.0
3356,Segment 0,86.5,0.0,0,530.0
3357,Segment 2,275.39,3368.21,1,22.0
3358,Segment 4,332.63,170.2,3,99.0
3359,Segment 4,270.66,176.87,3,35.0
3360,Segment 0,130.0,0.0,0,328.0
3361,Segment 4,1160.76,414.59,13,2.0
3362,Segment 2,249.0,230.51,1,194.0
3363,Segment 2,610.31,0.0,0,13.0
3364,Segment 0,141.33,255.91,1,398.0
3365,Segment 2,255.99,0.0,1,6.0
3366,Segment 2,625.94,0.0,1,5.0
3367,Segment 0,242.16,311.92,1,392.0
3368,Segment 0,178.26,266.97,1,369.0
3369,Segment 0,97.98,0.0,1,438.0
3370,Segment 0,112.73,0.0,1,338.0
3371,Segment 0,105.98,5.9,0,419.0
3372,Segment 4,974.51,707.4,7,12.0
3373,Segment 4,1822.45,581.76,9,35.0
3374,Segment 2,528.92,0.0,0,26.0
3375,Segment 4,1497.91,2343.34,17,25.0
3376,Segment 0,85.51,0.0,0,537.0
3377,Segment 0,206.61,142.92,1,398.0
3378,Segment 2,317.98,68.0,0,91.0
3379,Segment 1,617.64,1083.03,0,12.0
3380,Segment 1,240.49,0.0,1,228.0
3381,Segment 4,796.36,1274.44,9,16.0
3382,Segment 0,277.73,0.0,6,316.0
3383,Segment 0,277.39,74.9,1,278.0
3384,Segment 2,257.24,357.12,1,54.0
3385,Segment 4,655.69,407.11,7,0.0
3386,Segment 4,396.15,0.0,3,82.0
3387,Segment 0,184.94,0.0,1,242.0
3388,Segment 2,370.62,98.3,2,95.0
3389,Segment 2,338.71,234.3,0,81.0
3390,Segment 1,167.04,0.0,0,239.0
3391,Segment 4,1484.09,941.95,8,22.0
3392,Segment 1,92.64,0.0,0,490.0
3393,Segment 2,721.72,0.0,0,0.0
3394,Segment 1,387.85,363.65,3,240.0
3395,Segment 0,124.72,0.0,0,345.0
3396,Segment 0,109.52,0.0,1,385.0
3397,Segment 2,247.61,0.0,1,188.0
3398,Segment 1,164.41,0.0,0,244.0
3399,Segment 1,177.26,731.5,0,221.0
3400,Segment 0,123.83,0.0,0,348.0
3401,Segment 4,363.83,961.86,4,93.0
3402,Segment 2,294.55,0.0,0,104.0
3403,Segment 2,332.21,401.75,0,84.0
3404,Segment 4,790.56,414.48,3,15.0
3405,Segment 4,1608.41,1414.99,15,11.0
3406,Segment 4,640.34,0.0,7,168.0
3407,Segment 4,320.03,235.86,3,138.0
3408,Segment 2,197.4,0.0,0,191.0
3409,Segment 0,104.08,0.0,0,428.0
3410,Segment 4,1451.5,338.54,8,22.0
3411,Segment 0,115.1,0.0,0,380.0
3412,Segment 0,102.05,0.0,0,438.0
3413,Segment 2,294.55,0.0,0,104.0
3414,Segment 4,408.35,0.0,5,180.0
3415,Segment 4,402.28,587.98,3,74.0
3416,Segment 4,785.87,1004.8,6,54.0
3417,Segment 2,330.1,0.0,0,85.0
3418,Segment 1,333.12,293.62,2,92.0
3419,Segment 0,168.31,109.28,2,173.0
3420,Segment 4,597.82,423.65,4,47.0
3421,Segment 4,385.72,0.0,1,223.0
3422,Segment 2,232.13,0.0,1,243.0
3423,Segment 4,1702.45,6489.97,11,7.0
3424,Segment 0,152.02,0.0,1,254.0
3425,Segment 4,5302.92,5336.98,34,4.0
3426,Segment 0,112.13,290.36,0,392.0
3427,Segment 2,170.87,228.06,0,232.0
3428,Segment 0,333.95,455.25,2,285.0
3429,Segment 0,94.99,0.0,0,476.0
3430,Segment 2,703.9,759.76,6,102.0
3431,Segment 4,1061.5,4838.4,2,146.0
3432,Segment 0,99.71,0.0,0,450.0
3433,Segment 2,195.91,593.75,0,193.0
3434,Segment 0,99.9,0.0,0,449.0
3435,Segment 0,132.88,0.0,1,349.0
3436,Segment 4,1369.71,335.2,8,27.0
3437,Segment 2,176.66,0.0,0,222.0
3438,Segment 0,84.68,0.0,0,543.0
3439,Segment 2,184.8,119.62,0,209.0
3440,Segment 1,110.47,0.0,0,399.0
3441,Segment 0,130.33,0.0,0,327.0
3442,Segment 2,203.57,339.3,0,183.0
3443,Segment 1,1619.38,0.0,3,98.0
3444,Segment 0,122.09,0.0,0,354.0
3445,Segment 0,108.63,0.0,0,407.0
3446,Segment 4,186.89,3915.41,23,142.0
3447,Segment 1,2102.86,1243.76,14,43.0
3448,Segment 4,469.49,611.05,4,144.0
3449,Segment 2,405.42,0.0,1,50.0
3450,Segment 4,5128.69,988.64,14,13.0
3451,Segment 1,584.58,421.39,6,30.0
3452,Segment 4,1854.62,1674.97,13,9.0
3453,Segment 4,2536.73,4869.05,25,0.0
3454,Segment 2,187.46,0.0,0,205.0
3455,Segment 4,628.59,484.33,6,166.0
3456,Segment 0,146.0,0.0,0,284.0
3457,Segment 4,782.79,1077.74,4,208.0
3458,Segment 0,115.86,0.0,0,377.0
3459,Segment 0,294.1,0.0,3,172.0
3460,Segment 2,521.45,334.54,1,0.0
3461,Segment 2,499.68,0.0,1,2.0
3462,Segment 0,255.23,0.0,1,235.0
3463,Segment 0,80.26,124.2,3,439.0
3464,Segment 4,1618.59,2247.47,10,13.0
3465,Segment 1,1062.4,848.54,7,89.0
3466,Segment 2,334.35,657.12,0,83.0
3467,Segment 1,304.92,366.03,0,98.0
3468,Segment 0,176.12,451.44,1,231.0
3469,Segment 1,237.43,0.0,1,228.0
3470,Segment 0,95.34,0.0,0,474.0
3471,Segment 0,102.85,0.0,0,434.0
3472,Segment 1,170.32,0.0,0,233.0
3473,Segment 0,169.39,0.0,1,181.0
3474,Segment 4,684.2,324.14,3,62.0
3475,Segment 0,134.33,0.0,1,401.0
3476,Segment 4,480.62,0.0,2,56.0
3477,Segment 2,462.64,0.0,0,40.0
3478,Segment 0,483.51,0.0,3,194.0
3479,Segment 2,157.46,459.24,0,258.0
3480,Segment 1,258.2,0.0,1,208.0
3481,Segment 4,1450.86,2944.35,11,9.0
3482,Segment 4,309.15,260.43,5,135.0
3483,Segment 4,355.15,360.16,3,184.0
3484,Segment 0,165.87,129.5,2,174.0
3485,Segment 1,314.13,0.0,0,93.0
3486,Segment 2,195.91,0.0,0,193.0
3487,Segment 4,484.95,576.06,8,61.0
3488,Segment 0,220.18,241.53,1,198.0
3489,Segment 1,193.73,497.37,0,196.0
3490,Segment 0,96.78,0.0,1,370.0
3491,Segment 0,86.21,0.0,0,532.0
3492,Segment 2,202.22,0.0,1,212.0
3493,Segment 4,1514.98,1616.61,16,15.0
3494,Segment 4,256.59,0.0,1,261.0
3495,Segment 2,2218.55,3463.34,2,5.0
3496,Segment 2,523.56,0.0,0,27.0
3497,Segment 4,470.32,129.49,4,211.0
3498,Segment 4,607.67,907.61,5,119.0
3499,Segment 0,240.63,506.19,1,210.0
3500,Segment 1,102.85,0.0,0,434.0
3501,Segment 2,450.55,0.0,0,43.0
3502,Segment 2,875.55,1206.3,2,18.0
3503,Segment 4,413.28,0.0,3,71.0
3504,Segment 4,349.31,83.2,4,68.0
3505,Segment 2,694.8,322.78,1,23.0
3506,Segment 1,122.96,0.0,0,351.0
3507,Segment 4,418.49,0.0,3,53.0
3508,Segment 2,674.33,384.14,0,5.0
3509,Segment 4,702.58,0.0,4,82.0
3510,Segment 1,354.92,3586.0,0,74.0
3511,Segment 4,380.14,1470.13,3,26.0
3512,Segment 2,180.95,0.0,0,215.0
3513,Segment 0,225.14,0.0,5,289.0
3514,Segment 0,166.95,0.0,1,293.0
3515,Segment 2,454.51,2430.63,0,42.0
3516,Segment 4,448.24,0.0,4,30.0
3517,Segment 2,181.58,0.0,0,214.0
3518,Segment 0,733.45,0.0,3,246.0
3519,Segment 2,493.55,820.97,0,33.0
3520,Segment 2,1021.48,469.28,9,65.0
3521,Segment 2,493.7,698.23,2,14.0
3522,Segment 2,187.46,0.0,0,205.0
3523,Segment 0,89.62,231.1,0,509.0
3524,Segment 1,361.16,380.6,1,15.0
3525,Segment 1,438.55,0.0,1,53.0
3526,Segment 2,563.59,111.37,0,20.0
3527,Segment 0,84.68,0.0,0,543.0
3528,Segment 1,157.94,0.0,0,257.0
3529,Segment 2,278.25,86.31,2,12.0
3530,Segment 0,153.83,270.86,1,263.0
3531,Segment 0,130.0,0.0,0,328.0
3532,Segment 0,220.05,518.42,4,228.0
3533,Segment 0,111.65,0.0,0,394.0
3534,Segment 4,4390.81,3650.6,8,20.0
3535,Segment 4,535.54,99.42,5,43.0
3536,Segment 4,1005.92,2977.27,7,139.0
3537,Segment 4,3397.06,5053.91,18,0.0
3538,Segment 2,386.66,659.0,0,62.0
3539,Segment 1,254.26,0.0,4,176.0
3540,Segment 4,381.24,426.09,4,18.0
3541,Segment 0,156.83,0.0,3,348.0
3542,Segment 2,189.5,0.0,0,202.0
3543,Segment 0,85.51,0.0,0,537.0
3544,Segment 0,115.86,0.0,0,377.0
3545,Segment 2,214.46,0.0,0,170.0
3546,Segment 0,103.88,118.98,0,429.0
3547,Segment 2,316.04,366.78,0,92.0
3548,Segment 4,333.84,184.14,7,22.0
3549,Segment 4,1599.59,2112.99,12,55.0
3550,Segment 2,3200.81,4631.35,6,12.0
3551,Segment 0,93.13,0.0,0,487.0
3552,Segment 0,230.25,0.0,1,249.0
3553,Segment 2,1043.53,493.62,4,21.0
3554,Segment 1,264.46,0.0,1,219.0
3555,Segment 2,1433.87,1800.09,4,5.0
3556,Segment 2,305.81,0.0,2,174.0
3557,Segment 0,105.9,183.7,1,336.0
3558,Segment 4,416.78,894.5,3,13.0
3559,Segment 1,125.92,0.0,0,341.0
3560,Segment 3,30002.05,41577.62,25,13.0
3561,Segment 4,991.7,1764.25,10,2.0
3562,Segment 2,192.3,0.0,0,198.0
3563,Segment 2,286.63,122.13,2,9.0
3564,Segment 0,172.3,0.0,1,226.0
3565,Segment 2,810.56,0.0,3,64.0
3566,Segment 4,328.21,324.45,3,79.0
3567,Segment 0,86.36,0.0,0,531.0
3568,Segment 0,117.96,0.0,0,369.0
3569,Segment 2,1163.67,99.0,2,11.0
3570,Segment 2,428.19,0.0,0,49.0
3571,Segment 2,1327.92,0.0,1,34.0
3572,Segment 4,302.34,0.0,6,188.0
3573,Segment 4,1972.6,2118.42,15,9.0
3574,Segment 4,1887.82,3310.15,17,13.0
3575,Segment 4,318.01,0.0,3,223.0
3576,Segment 0,96.65,0.0,1,426.0
3577,Segment 4,9768.26,7357.05,17,15.0
3578,Segment 0,219.68,0.0,3,208.0
3579,Segment 4,2129.58,1045.28,10,7.0
3580,Segment 4,1526.35,839.16,17,15.0
3581,Segment 4,516.06,1052.23,5,110.0
3582,Segment 2,952.24,2405.44,3,20.0
3583,Segment 4,2844.35,4282.15,23,43.0
3584,Segment 1,338.98,0.0,1,125.0
3585,Segment 0,117.69,301.72,0,370.0
3586,Segment 4,230.75,0.0,2,74.0
3587,Segment 1,772.13,2985.91,6,174.0
3588,Segment 4,712.58,0.0,4,177.0
3589,Segment 4,796.41,794.54,10,43.0
3590,Segment 1,158.79,152.95,1,184.0
3591,Segment 2,364.9,0.0,0,70.0
3592,Segment 4,1629.95,2751.05,13,8.0
3593,Segment 0,148.23,576.4,1,251.0
3594,Segment 2,182.86,0.0,0,212.0
3595,Segment 4,514.24,0.0,11,110.0
3596,Segment 2,926.64,581.58,4,4.0
3597,Segment 4,349.4,0.0,3,172.0
3598,Segment 2,517.73,721.35,1,44.0
3599,Segment 2,3860.87,4355.38,6,8.0
3600,Segment 2,520.2,262.17,1,42.0
3601,Segment 0,98.58,0.0,0,456.0
3602,Segment 1,823.26,603.75,2,211.0
3603,Segment 0,127.15,0.0,0,337.0
3604,Segment 4,1329.92,1174.59,8,47.0
3605,Segment 0,357.86,0.0,4,313.0
3606,Segment 0,113.84,417.6,0,385.0
3607,Segment 2,292.89,0.0,0,105.0
3608,Segment 1,125.02,312.55,0,344.0
3609,Segment 2,188.82,0.0,0,203.0
3610,Segment 0,103.06,0.0,0,433.0
3611,Segment 0,10.8,0.0,12,300.0
3612,Segment 4,1186.46,1121.38,9,19.0
3613,Segment 2,3398.89,3582.67,8,19.0
3614,Segment 4,4320.23,3807.63,30,2.0
3615,Segment 4,994.01,605.7,11,25.0
3616,Segment 0,443.5,0.0,1,399.0
3617,Segment 2,462.64,505.23,0,40.0
3618,Segment 2,205.98,0.0,0,180.0
3619,Segment 4,817.85,0.0,18,180.0
3620,Segment 4,708.46,566.96,5,34.0
3621,Segment 4,489.43,0.0,6,22.0
3622,Segment 2,253.05,0.0,1,126.0
3623,Segment 2,167.58,0.0,0,238.0
3624,Segment 4,244.61,0.0,1,6.0
3625,Segment 2,244.3,0.0,1,102.0
3626,Segment 2,338.71,0.0,0,81.0
3627,Segment 4,1731.2,2931.54,6,27.0
3628,Segment 4,436.97,286.54,6,79.0
3629,Segment 4,301.32,0.0,2,68.0
3630,Segment 4,921.49,107.72,7,44.0
3631,Segment 4,1003.3,590.86,7,83.0
3632,Segment 1,779.25,0.0,2,231.0
3633,Segment 0,122.6,171.59,1,244.0
3634,Segment 0,253.26,654.92,3,231.0
3635,Segment 2,1129.64,999.71,8,13.0
3636,Segment 2,176.07,371.54,0,223.0
3637,Segment 4,461.98,49.1,3,65.0
3638,Segment 2,336.51,152.76,0,82.0
3639,Segment 4,7501.69,6674.94,39,27.0
3640,Segment 2,294.59,260.35,1,67.0
3641,Segment 1,186.41,0.0,1,180.0
3642,Segment 4,2700.61,919.8,29,12.0
3643,Segment 2,164.41,0.0,0,244.0
3644,Segment 4,296.72,107.6,3,184.0
3645,Segment 2,179.71,0.0,0,217.0
3646,Segment 2,190.2,0.0,0,201.0
3647,Segment 4,312.5,0.0,3,205.0
3648,Segment 4,491.55,299.92,3,62.0
3649,Segment 4,829.26,1126.78,9,21.0
3650,Segment 4,234.72,0.0,3,90.0
3651,Segment 4,300.28,1177.53,4,188.0
3652,Segment 4,507.07,0.0,2,173.0
3653,Segment 4,502.19,0.0,4,201.0
3654,Segment 0,204.82,0.0,2,362.0
3655,Segment 1,207.57,0.0,1,240.0
3656,Segment 2,1154.43,140.85,1,0.0
3657,Segment 0,109.99,0.0,1,487.0
3658,Segment 2,345.47,418.94,0,78.0
3659,Segment 4,249.84,245.82,2,168.0
3660,Segment 2,682.35,365.53,1,28.0
3661,Segment 4,611.51,469.76,4,23.0
3662,Segment 2,336.51,121.92,0,82.0
3663,Segment 4,471.18,571.61,5,16.0
3664,Segment 1,361.73,0.0,1,0.0
3665,Segment 2,462.24,0.0,3,168.0
3666,Segment 2,617.64,1461.07,0,12.0
3667,Segment 4,3507.25,2318.84,26,0.0
3668,Segment 0,177.62,0.0,1,261.0
3669,Segment 2,377.24,91.61,1,121.0
3670,Segment 2,1137.1,553.8,9,26.0
3671,Segment 1,968.12,2623.33,1,9.0
3672,Segment 0,150.64,0.0,0,273.0
3673,Segment 2,198.9,0.0,0,189.0
3674,Segment 1,91.98,0.0,0,494.0
3675,Segment 4,701.24,0.0,6,35.0
3676,Segment 2,190.2,460.64,0,201.0
3677,Segment 2,378.62,775.18,2,186.0
3678,Segment 0,213.27,0.0,4,201.0
3679,Segment 2,193.73,197.22,0,196.0
3680,Segment 0,240.62,325.91,2,250.0
3681,Segment 0,117.16,0.0,0,372.0
3682,Segment 2,329.21,62.5,3,11.0
3683,Segment 4,680.32,435.24,3,67.0
3684,Segment 4,223.28,0.0,1,35.0
3685,Segment 1,441.4,99.1,4,181.0
3686,Segment 0,220.38,251.87,1,214.0
3687,Segment 2,2838.51,1356.24,5,5.0
3688,Segment 4,381.23,0.0,3,5.0
3689,Segment 4,3845.26,9182.76,22,4.0
3690,Segment 0,86.8,0.0,1,411.0
3691,Segment 4,866.8,1138.12,7,21.0
3692,Segment 2,284.87,739.87,0,110.0
3693,Segment 4,3900.67,6354.67,19,5.0
3694,Segment 0,140.4,0.0,1,370.0
3695,Segment 0,104.5,0.0,0,426.0
3696,Segment 0,140.98,214.32,1,385.0
3697,Segment 0,104.5,193.44,0,426.0
3698,Segment 2,326.98,281.42,1,184.0
3699,Segment 2,243.54,0.0,0,141.0
3700,Segment 0,144.51,0.0,1,225.0
3701,Segment 2,197.42,35.4,1,225.0
3702,Segment 2,161.36,0.0,0,250.0
3703,Segment 4,939.26,0.0,9,176.0
3704,Segment 4,515.02,213.3,4,69.0
3705,Segment 0,381.29,0.0,2,260.0
3706,Segment 2,357.23,173.76,2,198.0
3707,Segment 0,138.69,0.0,3,355.0
3708,Segment 1,255.71,318.55,1,174.0
3709,Segment 0,202.84,0.0,1,242.0
3710,Segment 2,184.8,0.0,0,209.0
3711,Segment 0,91.5,0.0,0,497.0
3712,Segment 0,189.7,0.0,2,202.0
3713,Segment 2,148.92,0.0,0,277.0
3714,Segment 2,1957.2,774.52,2,18.0
3715,Segment 2,219.56,680.02,2,235.0
3716,Segment 4,3147.33,3878.66,8,5.0
3717,Segment 2,200.43,0.0,0,187.0
3718,Segment 1,753.06,1266.02,6,104.0
3719,Segment 2,183.5,0.0,0,211.0
3720,Segment 2,589.36,768.87,0,16.0
3721,Segment 0,139.37,1491.43,0,301.0
3722,Segment 2,459.26,489.42,1,47.0
3723,Segment 4,198.93,144.45,16,179.0
3724,Segment 0,122.66,429.84,1,364.0
3725,Segment 2,280.45,272.46,1,165.0
3726,Segment 0,154.25,192.33,1,208.0
3727,Segment 0,169.24,0.0,2,208.0
3728,Segment 4,1013.6,0.0,5,2.0
3729,Segment 0,132.08,0.0,2,284.0
3730,Segment 4,328.59,525.17,6,179.0
3731,Segment 0,117.99,505.44,1,362.0
3732,Segment 2,257.09,0.0,1,174.0
3733,Segment 1,110.06,0.0,1,310.0
3734,Segment 0,292.97,202.27,3,246.0
3735,Segment 0,119.58,0.0,0,363.0
3736,Segment 2,268.68,0.0,0,121.0
3737,Segment 4,234.6,388.95,2,176.0
3738,Segment 2,556.08,923.51,3,15.0
3739,Segment 0,85.51,0.0,0,537.0
3740,Segment 1,277.18,363.2,1,188.0
3741,Segment 2,1477.47,2403.6,8,33.0
3742,Segment 4,782.42,2215.42,11,44.0
3743,Segment 4,419.35,347.9,3,13.0
3744,Segment 4,592.23,397.65,6,42.0
3745,Segment 1,86.5,0.0,0,530.0
3746,Segment 0,81.53,0.0,1,443.0
3747,Segment 4,883.88,1397.22,6,15.0
3748,Segment 4,147.78,0.0,1,98.0
3749,Segment 4,463.98,454.89,6,56.0
3750,Segment 2,318.71,365.98,2,180.0
3751,Segment 4,232.71,0.0,1,84.0
3752,Segment 4,679.7,769.64,9,125.0
3753,Segment 4,2348.66,536.9,19,0.0
3754,Segment 2,178.48,0.0,0,219.0
3755,Segment 0,149.6,154.18,1,250.0
3756,Segment 0,115.1,0.0,0,380.0
3757,Segment 4,2826.05,3922.61,19,7.0
3758,Segment 0,123.83,0.0,0,348.0
3759,Segment 2,368.7,0.0,4,179.0
3760,Segment 2,320.18,201.6,1,84.0
3761,Segment 4,706.49,1867.59,14,23.0
3762,Segment 2,1673.75,2651.76,10,2.0
3763,Segment 0,169.76,150.23,1,231.0
3764,Segment 1,734.38,338.5,6,47.0
3765,Segment 4,350.56,931.03,3,191.0
3766,Segment 2,247.2,0.0,2,189.0
3767,Segment 2,195.91,261.9,0,193.0
3768,Segment 0,137.18,0.0,0,307.0
3769,Segment 4,1252.4,1610.83,5,116.0
3770,Segment 0,164.02,0.0,2,296.0
3771,Segment 4,1051.74,2292.2,5,97.0
3772,Segment 0,105.98,0.0,0,419.0
3773,Segment 2,954.8,1310.25,1,27.0
3774,Segment 2,629.64,0.0,2,19.0
3775,Segment 0,106.42,0.0,0,417.0
3776,Segment 4,1821.02,2571.82,14,9.0
3777,Segment 4,274.04,0.0,4,191.0
3778,Segment 4,254.62,0.0,2,43.0
3779,Segment 4,314.06,194.48,5,69.0
3780,Segment 2,684.95,655.52,2,26.0
3781,Segment 4,624.34,1006.56,7,175.0
3782,Segment 2,281.78,208.96,0,112.0
3783,Segment 0,192.11,167.61,2,249.0
3784,Segment 4,1506.16,1143.6,13,62.0
3785,Segment 4,300.58,163.69,4,144.0
3786,Segment 2,639.95,0.0,1,47.0
3787,Segment 2,164.93,0.0,0,243.0
3788,Segment 4,532.64,305.52,5,60.0
3789,Segment 1,270.81,234.17,1,196.0
3790,Segment 2,179.71,0.0,0,217.0
3791,Segment 0,84.95,0.0,0,541.0
3792,Segment 2,488.88,0.0,0,34.0
3793,Segment 2,1538.12,994.07,2,5.0
3794,Segment 0,102.85,0.0,0,434.0
3795,Segment 2,345.23,0.0,1,190.0
3796,Segment 2,195.18,0.0,0,194.0
3797,Segment 0,164.65,0.0,1,330.0
3798,Segment 1,306.7,0.0,2,231.0
3799,Segment 2,352.51,0.0,0,75.0
3800,Segment 0,223.19,0.0,2,203.0
3801,Segment 0,95.34,344.33,0,474.0
3802,Segment 1,679.0,1471.85,3,105.0
3803,Segment 2,733.2,0.0,2,63.0
3804,Segment 2,1199.37,1283.53,6,79.0
3805,Segment 1,967.63,4373.54,6,212.0
3806,Segment 4,2341.27,2548.76,13,19.0
3807,Segment 0,206.79,1873.2,3,253.0
3808,Segment 4,375.1,1403.75,4,13.0
3809,Segment 2,200.43,126.12,0,187.0
3810,Segment 2,293.46,0.0,1,26.0
3811,Segment 2,172.57,0.0,0,229.0
3812,Segment 4,1590.14,943.16,9,7.0
3813,Segment 1,388.22,0.0,1,271.0
3814,Segment 2,773.51,735.43,5,53.0
3815,Segment 2,492.99,0.0,2,96.0
3816,Segment 2,347.25,7.9,2,12.0
3817,Segment 2,245.39,0.0,1,204.0
3818,Segment 4,1540.45,2187.63,11,15.0
3819,Segment 4,745.97,494.26,4,23.0
3820,Segment 0,338.8,0.0,2,210.0
3821,Segment 2,339.4,1312.14,1,200.0
3822,Segment 0,194.06,0.0,1,278.0
3823,Segment 0,308.27,781.78,3,200.0
3824,Segment 2,458.77,427.2,3,9.0
3825,Segment 2,168.12,0.0,0,237.0
3826,Segment 0,120.68,0.0,0,359.0
3827,Segment 0,61.18,270.9,1,455.0
3828,Segment 0,86.07,0.0,0,533.0
3829,Segment 0,114.09,0.0,0,384.0
3830,Segment 4,2495.3,4157.24,14,12.0
3831,Segment 4,491.28,515.1,4,133.0
3832,Segment 4,985.04,262.15,8,69.0
3833,Segment 0,235.86,0.0,1,350.0
3834,Segment 0,185.5,0.0,5,250.0
3835,Segment 2,166.51,71.0,0,240.0
3836,Segment 0,275.33,0.0,2,225.0
3837,Segment 0,209.51,196.8,2,181.0
3838,Segment 2,195.15,121.68,1,177.0
3839,Segment 4,308.68,444.33,5,91.0
3840,Segment 0,295.32,0.0,2,389.0
3841,Segment 4,612.93,358.0,5,44.0
3842,Segment 0,299.91,380.35,3,186.0
3843,Segment 1,235.85,0.0,3,411.0
3844,Segment 2,591.21,422.04,2,22.0
3845,Segment 2,343.52,592.77,2,95.0
3846,Segment 4,252.77,0.0,3,53.0
3847,Segment 2,197.4,0.0,0,191.0
3848,Segment 2,176.07,112.4,0,223.0
3849,Segment 0,107.51,0.0,0,412.0
3850,Segment 0,120.96,449.73,0,358.0
3851,Segment 4,335.02,766.99,2,168.0
3852,Segment 2,746.02,548.99,1,4.0
3853,Segment 4,298.56,1560.58,4,74.0
3854,Segment 4,2188.03,932.53,9,182.0
3855,Segment 2,300.08,299.49,2,55.0
3856,Segment 0,357.06,642.02,2,252.0
3857,Segment 4,558.02,351.47,3,13.0
3858,Segment 4,610.29,125.0,5,90.0
3859,Segment 4,1900.13,4008.03,9,22.0
3860,Segment 4,1067.8,1028.0,7,58.0
3861,Segment 4,317.53,0.0,3,2.0
3862,Segment 2,1286.87,435.01,2,15.0
3863,Segment 2,159.87,0.0,0,253.0
3864,Segment 0,84.27,0.0,0,546.0
3865,Segment 0,109.31,0.0,0,404.0
3866,Segment 2,811.98,360.23,1,7.0
3867,Segment 4,1021.48,1582.72,6,5.0
3868,Segment 2,354.92,0.0,0,74.0
3869,Segment 2,2606.35,1982.0,4,0.0
3870,Segment 2,469.45,0.0,5,121.0
3871,Segment 1,717.88,1113.82,6,97.0
3872,Segment 2,250.57,711.5,0,135.0
3873,Segment 0,100.67,0.0,0,445.0
3874,Segment 0,85.93,0.0,0,534.0
3875,Segment 0,63.58,0.0,1,532.0
3876,Segment 4,2561.15,2195.24,35,12.0
3877,Segment 4,1078.21,1609.15,7,34.0
3878,Segment 2,179.09,304.24,0,218.0
3879,Segment 4,691.56,1612.35,6,47.0
3880,Segment 0,103.06,0.0,0,433.0
3881,Segment 0,117.69,0.0,0,370.0
3882,Segment 4,671.52,138.05,8,61.0
3883,Segment 4,298.76,506.88,4,81.0
3884,Segment 0,113.59,0.0,0,386.0
3885,Segment 2,362.5,211.3,5,77.0
3886,Segment 4,267.92,288.91,3,203.0
3887,Segment 4,769.39,1366.91,3,126.0
3888,Segment 4,1070.82,409.76,7,103.0
3889,Segment 2,188.14,2747.99,0,204.0
3890,Segment 4,2176.13,347.75,22,58.0
3891,Segment 0,84.4,0.0,0,545.0
3892,Segment 2,389.57,975.18,0,61.0
3893,Segment 2,195.18,0.0,0,194.0
3894,Segment 4,727.16,1323.5,7,35.0
3895,Segment 4,1535.96,2434.04,12,48.0
3896,Segment 4,1228.1,1639.13,6,85.0
3897,Segment 0,110.24,0.0,0,400.0
3898,Segment 1,316.14,0.0,1,130.0
3899,Segment 4,523.8,762.35,5,107.0
3900,Segment 4,1023.31,859.19,7,69.0
3901,Segment 2,328.14,650.28,2,132.0
3902,Segment 0,240.32,0.0,2,189.0
3903,Segment 0,125.92,0.0,0,341.0
3904,Segment 0,367.87,1621.73,2,202.0
3905,Segment 2,367.48,0.0,0,69.0
3906,Segment 0,86.5,0.0,0,530.0
3907,Segment 2,171.44,0.0,0,231.0
3908,Segment 2,278.76,346.38,0,114.0
3909,Segment 2,193.01,0.0,0,197.0
3910,Segment 4,2542.48,6357.12,5,16.0
3911,Segment 0,95.87,0.0,0,471.0
3912,Segment 2,468.66,401.34,2,40.0
3913,Segment 0,137.92,163.3,1,328.0
3914,Segment 2,170.32,231.61,0,233.0
3915,Segment 0,136.1,0.0,0,310.0
3916,Segment 0,120.55,0.0,4,382.0
3917,Segment 2,547.77,311.18,3,16.0
3918,Segment 4,609.56,506.83,4,41.0
3919,Segment 0,98.58,0.0,0,456.0
3920,Segment 2,308.54,0.0,0,96.0
3921,Segment 2,263.25,0.0,0,125.0
3922,Segment 2,458.54,0.0,0,41.0
3923,Segment 2,184.15,0.0,0,210.0
3924,Segment 2,262.85,138.32,2,196.0
3925,Segment 0,243.84,345.3,1,247.0
3926,Segment 2,720.79,487.78,5,107.0
3927,Segment 0,333.54,0.0,4,236.0
3928,Segment 2,242.41,0.0,0,142.0
3929,Segment 0,130.0,0.0,0,328.0
3930,Segment 2,308.0,0.0,1,260.0
3931,Segment 4,2333.32,3850.57,5,54.0
3932,Segment 2,333.32,94.5,1,72.0
3933,Segment 4,472.2,639.18,4,97.0
3934,Segment 0,96.04,0.0,0,470.0
3935,Segment 0,279.11,0.0,4,224.0
3936,Segment 4,958.95,0.0,6,83.0
3937,Segment 4,4204.12,5873.92,11,18.0
3938,Segment 2,407.96,0.0,0,55.0
3939,Segment 4,186.23,0.0,1,226.0
3940,Segment 4,433.29,0.0,3,47.0
3941,Segment 2,217.06,0.0,1,225.0
3942,Segment 4,555.51,0.0,2,320.0
3943,Segment 4,1567.23,185.9,11,71.0
3944,Segment 4,763.41,741.48,6,14.0
3945,Segment 2,156.99,0.0,0,259.0
3946,Segment 4,411.97,0.0,5,184.0
3947,Segment 0,84.68,0.0,0,543.0
3948,Segment 2,1010.56,0.0,2,2.0
3949,Segment 0,132.63,251.7,4,335.0
3950,Segment 1,140.12,0.0,0,299.0
3951,Segment 0,7.71,306.55,15,288.0
3952,Segment 4,488.42,568.42,3,40.0
3953,Segment 0,181.83,1534.73,1,285.0
3954,Segment 4,2196.36,2312.96,12,33.0
3955,Segment 2,160.37,0.0,0,252.0
3956,Segment 2,670.38,887.9,2,53.0
3957,Segment 0,170.69,293.1,1,253.0
3958,Segment 2,702.98,1523.18,1,20.0
3959,Segment 4,510.79,0.0,5,92.0
3960,Segment 1,625.14,78.75,0,11.0
3961,Segment 2,384.39,0.0,2,187.0
3962,Segment 0,137.54,0.0,0,306.0
3963,Segment 1,113.59,816.88,0,386.0
3964,Segment 2,228.96,0.0,1,182.0
3965,Segment 4,175.12,0.0,1,97.0
3966,Segment 1,167.63,317.76,1,238.0
3967,Segment 2,534.4,0.0,0,25.0
3968,Segment 2,294.55,911.86,0,104.0
3969,Segment 4,300.17,0.0,2,9.0
3970,Segment 0,135.05,0.0,0,313.0
3971,Segment 0,85.23,0.0,0,539.0
3972,Segment 4,579.4,223.48,4,40.0
3973,Segment 4,696.08,231.17,8,49.0
3974,Segment 0,171.55,84.4,1,181.0
3975,Segment 0,133.36,0.0,1,230.0
3976,Segment 0,117.57,0.0,1,377.0
3977,Segment 0,83.67,0.0,1,399.0
3978,Segment 2,227.83,0.0,1,34.0
3979,Segment 4,924.81,1049.79,8,123.0
3980,Segment 4,254.13,157.18,3,167.0
3981,Segment 4,360.91,249.74,2,211.0
3982,Segment 4,885.38,1272.8,8,88.0
3983,Segment 0,125.02,0.0,0,344.0
3984,Segment 0,228.99,1674.46,1,194.0
3985,Segment 2,221.02,0.0,1,168.0
3986,Segment 0,97.3,0.0,0,463.0
3987,Segment 2,169.21,0.0,0,235.0
3988,Segment 2,305.21,170.56,1,173.0
3989,Segment 0,112.61,0.0,0,390.0
3990,Segment 0,163.4,0.0,1,195.0
3991,Segment 0,171.2,289.78,2,331.0
3992,Segment 2,173.14,0.0,0,228.0
3993,Segment 2,193.73,3560.08,0,196.0
3994,Segment 1,2024.47,305.55,5,49.0
3995,Segment 0,231.32,384.08,1,224.0
3996,Segment 0,97.84,0.0,0,460.0
3997,Segment 2,188.82,0.0,0,203.0
3998,Segment 0,78.01,0.0,2,457.0
3999,Segment 2,190.89,0.0,0,200.0
4000,Segment 4,802.1,1063.28,9,41.0
4001,Segment 2,330.61,0.0,2,61.0
4002,Segment 4,841.71,1844.28,8,124.0
4003,Segment 2,573.4,362.15,3,57.0
4004,Segment 0,151.08,0.0,0,272.0
4005,Segment 0,119.85,0.0,0,362.0
4006,Segment 4,158.98,0.0,1,42.0
4007,Segment 4,938.02,1008.39,12,22.0
4008,Segment 2,175.47,114.23,0,224.0
4009,Segment 4,876.29,1724.72,7,14.0
4010,Segment 0,111.6,334.48,1,399.0
4011,Segment 0,278.75,328.65,4,285.0
4012,Segment 2,437.77,0.0,2,118.0
4013,Segment 0,136.46,0.0,0,309.0
4014,Segment 0,112.86,0.0,0,389.0
4015,Segment 4,257.48,0.0,2,116.0
4016,Segment 4,462.16,573.17,7,64.0
4017,Segment 4,654.72,1218.51,8,15.0
4018,Segment 4,2659.1,0.0,13,72.0
4019,Segment 4,1584.19,1794.26,16,23.0
4020,Segment 0,141.5,190.88,1,256.0
4021,Segment 0,407.03,208.16,6,180.0
4022,Segment 4,597.58,352.31,9,50.0
4023,Segment 2,226.77,314.69,1,183.0
4024,Segment 4,1528.9,2371.85,19,14.0
4025,Segment 4,498.77,0.0,3,120.0
4026,Segment 0,109.31,0.0,0,404.0
4027,Segment 4,367.98,0.0,10,193.0
4028,Segment 0,428.57,1135.04,2,264.0
4029,Segment 3,3845.1,5737.35,50,44.0
4030,Segment 4,241.01,954.9,1,191.0
4031,Segment 4,155.35,0.0,1,12.0
4032,Segment 0,92.46,0.0,1,354.0
4033,Segment 0,143.99,318.65,0,289.0
4034,Segment 2,168.66,0.0,0,236.0
4035,Segment 2,367.48,219.32,0,69.0
4036,Segment 4,230.81,0.0,2,170.0
4037,Segment 2,184.8,271.19,0,209.0
4038,Segment 2,300.8,183.22,2,107.0
4039,Segment 4,211.97,112.1,2,120.0
4040,Segment 2,164.41,0.0,0,244.0
4041,Segment 0,144.23,0.0,1,204.0
4042,Segment 4,387.39,213.28,3,176.0
4043,Segment 2,178.48,0.0,0,219.0
4044,Segment 0,133.66,0.0,0,317.0
4045,Segment 4,714.53,298.0,7,35.0
4046,Segment 2,589.36,0.0,0,16.0
4047,Segment 2,170.87,0.0,0,232.0
4048,Segment 0,126.75,296.58,1,307.0
4049,Segment 4,437.95,487.16,8,51.0
4050,Segment 2,195.91,0.0,0,193.0
4051,Segment 0,143.07,0.0,1,277.0
4052,Segment 0,84.54,0.0,0,544.0
4053,Segment 2,1206.6,739.19,1,7.0
4054,Segment 2,170.87,0.0,0,232.0
4055,Segment 2,188.82,107.82,0,203.0
4056,Segment 2,197.4,0.0,0,191.0
4057,Segment 1,184.15,0.0,0,210.0
4058,Segment 2,554.08,0.0,1,35.0
4059,Segment 2,221.28,0.0,1,49.0
4060,Segment 2,163.38,0.0,0,246.0
4061,Segment 0,297.02,0.0,5,182.0
4062,Segment 4,511.29,961.56,2,107.0
4063,Segment 2,201.21,0.0,0,186.0
4064,Segment 1,778.18,724.13,2,43.0
4065,Segment 0,100.37,0.0,1,436.0
4066,Segment 2,185.46,151.37,0,208.0
4067,Segment 4,1019.16,548.72,14,13.0
4068,Segment 2,1202.3,753.93,6,15.0
4069,Segment 4,405.54,922.77,5,184.0
4070,Segment 4,326.56,513.01,4,189.0
4071,Segment 2,275.81,0.0,0,116.0
4072,Segment 0,152.1,0.0,1,280.0
4073,Segment 4,720.55,1384.71,9,116.0
4074,Segment 0,94.82,0.0,0,477.0
4075,Segment 0,85.37,0.0,0,538.0
4076,Segment 4,211.84,498.42,2,182.0
4077,Segment 2,173.88,656.61,1,247.0
4078,Segment 2,240.34,0.0,1,198.0
4079,Segment 0,103.26,163.24,0,432.0
4080,Segment 2,430.82,816.81,1,16.0
4081,Segment 2,215.34,0.0,0,169.0
4082,Segment 0,125.62,0.0,0,342.0
4083,Segment 0,98.58,0.0,0,456.0
4084,Segment 2,2470.9,5421.87,8,12.0
4085,Segment 4,625.46,0.0,9,203.0
4086,Segment 2,412.57,0.0,1,201.0
4087,Segment 0,116.24,82.75,1,189.0
4088,Segment 0,225.23,0.0,1,195.0
4089,Segment 4,779.31,828.39,4,124.0
4090,Segment 4,872.35,1738.21,10,64.0
4091,Segment 4,3201.61,3592.24,22,9.0
4092,Segment 2,173.14,0.0,0,228.0
4093,Segment 0,86.07,0.0,0,533.0
4094,Segment 0,94.82,0.0,0,477.0
4095,Segment 4,675.1,290.52,4,44.0
4096,Segment 4,316.8,657.16,2,202.0
4097,Segment 4,306.56,0.0,4,184.0
4098,Segment 4,365.91,608.42,6,23.0
4099,Segment 4,543.9,284.25,8,139.0
4100,Segment 4,281.61,0.0,2,88.0
4101,Segment 2,185.7,0.0,1,216.0
4102,Segment 0,175.2,0.0,1,217.0
4103,Segment 0,94.14,0.0,0,481.0
4104,Segment 4,221.22,279.75,2,123.0
4105,Segment 0,98.03,363.9,1,352.0
4106,Segment 0,89.59,0.0,4,336.0
4107,Segment 2,373.79,0.0,2,110.0
4108,Segment 0,195.76,0.0,1,191.0
4109,Segment 0,147.66,0.0,0,280.0
4110,Segment 1,1137.38,32.95,2,19.0
4111,Segment 4,3207.99,2847.85,13,13.0
4112,Segment 2,211.84,183.36,0,173.0
4113,Segment 4,4140.48,6413.23,10,0.0
4114,Segment 4,278.1,265.68,1,174.0
4115,Segment 1,354.41,0.0,3,187.0
4116,Segment 4,384.18,0.0,5,163.0
4117,Segment 0,85.65,157.62,0,536.0
4118,Segment 4,344.87,394.31,4,4.0
4119,Segment 4,1293.83,1774.21,15,12.0
4120,Segment 4,459.41,996.45,4,105.0
4121,Segment 0,280.31,98.25,3,188.0
4122,Segment 0,185.97,1251.44,2,202.0
4123,Segment 4,530.97,388.55,8,81.0
4124,Segment 0,90.39,0.0,0,504.0
4125,Segment 1,399.87,1740.0,1,299.0
4126,Segment 2,168.66,1393.06,0,236.0
4127,Segment 2,195.18,0.0,0,194.0
4128,Segment 4,308.7,0.0,4,119.0
4129,Segment 4,359.3,0.0,4,111.0
4130,Segment 0,98.58,127.86,0,456.0
4131,Segment 1,325.87,568.24,1,193.0
4132,Segment 4,123.39,443.2,1,99.0
4133,Segment 4,384.45,0.0,6,47.0
4134,Segment 2,238.74,0.0,1,203.0
4135,Segment 4,2763.57,2377.23,19,12.0
4136,Segment 4,1707.71,2869.33,9,7.0
4137,Segment 1,332.0,0.0,1,240.0
4138,Segment 2,439.09,0.0,0,46.0
4139,Segment 4,400.22,989.95,7,67.0
4140,Segment 0,155.12,0.0,0,263.0
4141,Segment 4,149.95,326.26,2,169.0
4142,Segment 4,1144.73,596.13,21,51.0
4143,Segment 4,281.03,501.67,3,120.0
4144,Segment 2,529.78,0.0,2,26.0
4145,Segment 2,441.1,0.0,3,7.0
4146,Segment 2,242.46,97.35,2,119.0
4147,Segment 3,2089.77,2460.7,55,63.0
4148,Segment 2,204.36,0.0,0,182.0
4149,Segment 0,209.79,0.0,2,242.0
4150,Segment 4,9507.1,6454.3,19,11.0
4151,Segment 0,144.38,65.4,5,243.0
4152,Segment 0,156.05,193.39,0,261.0
4153,Segment 2,276.43,108.75,1,27.0
4154,Segment 2,195.91,2686.42,0,193.0
4155,Segment 4,696.1,496.36,8,19.0
4156,Segment 4,8417.57,26728.61,32,7.0
4157,Segment 2,173.14,0.0,0,228.0
4158,Segment 2,377.82,0.0,2,114.0
4159,Segment 2,211.25,0.0,1,218.0
4160,Segment 2,523.56,0.0,0,27.0
4161,Segment 0,134.01,0.0,0,316.0
4162,Segment 1,135.87,6915.3,6,179.0
4163,Segment 2,175.47,681.41,0,224.0
4164,Segment 2,695.72,124.93,1,18.0
4165,Segment 4,1009.48,791.22,6,18.0
4166,Segment 0,123.54,0.0,0,349.0
4167,Segment 4,909.96,1814.48,11,41.0
4168,Segment 2,157.46,263.92,0,258.0
4169,Segment 4,8928.96,17690.2,13,19.0
4170,Segment 4,963.28,0.0,10,141.0
4171,Segment 2,178.48,0.0,0,219.0
4172,Segment 1,104.18,32.65,1,308.0
4173,Segment 4,1943.84,511.3,6,56.0
4174,Segment 2,545.7,912.32,0,23.0
4175,Segment 1,252.75,493.36,2,69.0
4176,Segment 4,1070.76,548.24,12,4.0
4177,Segment 0,231.98,0.0,1,212.0
4178,Segment 0,398.18,778.0,3,231.0
4179,Segment 4,4049.54,3435.33,10,5.0
4180,Segment 0,121.53,0.0,0,356.0
4181,Segment 2,298.26,296.07,1,131.0
4182,Segment 4,1300.44,2165.92,11,57.0
4183,Segment 2,255.14,467.98,2,181.0
4184,Segment 4,333.68,0.0,2,194.0
4185,Segment 1,909.22,1300.21,6,28.0
4186,Segment 1,459.68,231.49,1,25.0
4187,Segment 4,1246.84,3828.38,3,90.0
4188,Segment 4,6002.13,9871.08,21,20.0
4189,Segment 2,469.95,325.26,2,26.0
4190,Segment 2,260.54,153.16,2,173.0
4191,Segment 2,268.68,0.0,0,121.0
4192,Segment 4,407.17,365.76,4,193.0
4193,Segment 2,195.91,303.16,0,193.0
4194,Segment 2,178.48,0.0,0,219.0
4195,Segment 4,213.36,93.9,3,34.0
4196,Segment 0,127.15,0.0,0,337.0
4197,Segment 4,508.47,0.0,4,61.0
4198,Segment 0,97.3,0.0,0,463.0
4199,Segment 1,187.31,53.65,1,55.0
4200,Segment 0,85.09,0.0,0,540.0
4201,Segment 4,990.74,1425.03,9,28.0
4202,Segment 2,523.56,0.0,0,27.0
4203,Segment 2,272.91,52.8,0,118.0
4204,Segment 4,0.87,0.0,12,337.0
4205,Segment 4,1105.88,1180.52,8,42.0
4206,Segment 3,34683.82,133815.27,12,0.0
4207,Segment 4,565.77,0.0,9,0.0
4208,Segment 2,625.14,0.0,0,11.0
4209,Segment 2,267.54,0.0,1,173.0
4210,Segment 4,1643.38,340.06,12,12.0
4211,Segment 2,198.9,316.5,0,189.0
4212,Segment 4,688.36,0.0,14,33.0
4213,Segment 2,316.04,199.53,0,92.0
4214,Segment 4,549.11,935.1,3,41.0
4215,Segment 1,190.05,289.96,1,330.0
4216,Segment 4,562.38,0.0,5,233.0
4217,Segment 2,188.82,0.0,0,203.0
4218,Segment 2,203.57,137.0,0,183.0
4219,Segment 4,1048.56,1537.7,9,12.0
4220,Segment 4,1015.13,501.96,8,25.0
4221,Segment 0,146.83,0.0,0,282.0
4222,Segment 4,266.31,259.27,2,96.0
4223,Segment 1,264.78,0.0,1,216.0
4224,Segment 0,108.63,0.0,0,407.0
4225,Segment 1,145.1,0.0,1,203.0
4226,Segment 0,142.55,0.0,1,420.0
4227,Segment 0,268.01,0.0,1,216.0
4228,Segment 0,101.65,0.0,0,440.0
4229,Segment 2,160.37,506.32,0,252.0
4230,Segment 0,252.23,0.0,1,295.0
4231,Segment 2,176.66,414.04,0,222.0
4232,Segment 0,99.38,0.0,1,384.0
4233,Segment 2,367.48,0.0,0,69.0
4234,Segment 0,85.65,0.0,0,536.0
4235,Segment 0,99.9,0.0,0,449.0
4236,Segment 2,563.59,168.08,0,20.0
4237,Segment 0,224.23,1937.19,1,196.0
4238,Segment 4,1203.72,2352.06,8,68.0
4239,Segment 2,472.5,0.0,2,56.0
4240,Segment 2,195.91,0.0,0,193.0
4241,Segment 0,136.46,0.0,0,309.0
4242,Segment 1,192.3,497.56,0,198.0
4243,Segment 4,404.06,0.0,3,166.0
4244,Segment 0,144.59,0.0,1,198.0
4245,Segment 1,343.67,0.0,1,97.0
4246,Segment 2,518.3,0.0,0,28.0
4247,Segment 4,3091.61,0.0,13,14.0
4248,Segment 4,422.04,658.85,2,13.0
4249,Segment 2,510.03,0.0,1,69.0
4250,Segment 4,1223.5,0.0,7,88.0
4251,Segment 2,173.14,308.48,0,228.0
4252,Segment 3,34147.96,52739.93,36,14.0
4253,Segment 4,1007.02,1622.57,12,8.0
4254,Segment 2,240.14,513.2,1,216.0
4255,Segment 0,94.82,208.65,0,477.0
4256,Segment 4,738.05,67.65,7,14.0
4257,Segment 2,537.37,312.87,2,25.0
4258,Segment 2,275.81,0.0,0,116.0
4259,Segment 0,163.93,0.0,1,233.0
4260,Segment 4,1171.69,888.42,11,14.0
4261,Segment 2,455.1,562.4,2,7.0
4262,Segment 2,776.3,817.73,1,14.0
4263,Segment 1,236.67,0.0,1,169.0
4264,Segment 2,476.55,0.0,2,167.0
4265,Segment 4,801.31,307.2,9,98.0
4266,Segment 1,528.92,637.31,0,26.0
4267,Segment 0,152.3,0.0,1,418.0
4268,Segment 4,563.88,1001.86,6,14.0
4269,Segment 1,188.58,296.7,1,335.0
4270,Segment 2,195.91,0.0,0,193.0
4271,Segment 2,165.45,0.0,0,242.0
4272,Segment 0,329.4,223.36,3,259.0
4273,Segment 2,323.92,0.0,0,88.0
4274,Segment 0,168.43,76.5,1,228.0
4275,Segment 2,283.32,266.92,0,111.0
4276,Segment 0,152.86,0.0,2,436.0
4277,Segment 4,461.48,301.6,4,124.0
4278,Segment 0,133.66,0.0,0,317.0
4279,Segment 4,167.33,0.0,1,77.0
4280,Segment 0,121.24,0.0,0,357.0
4281,Segment 2,192.3,0.0,0,198.0
4282,Segment 4,257.56,642.32,1,198.0
4283,Segment 1,191.83,0.0,1,183.0
4284,Segment 2,298.77,0.0,1,191.0
4285,Segment 4,739.71,0.0,6,5.0
4286,Segment 2,217.14,0.0,0,167.0
4287,Segment 4,563.56,631.89,6,180.0
4288,Segment 0,469.84,1487.6,2,280.0
4289,Segment 4,344.02,284.86,3,142.0
4290,Segment 2,330.95,0.0,1,13.0
4291,Segment 0,85.09,541.46,0,540.0
4292,Segment 2,190.2,0.0,0,201.0
4293,Segment 0,132.64,0.0,0,320.0
4294,Segment 4,556.52,368.9,5,12.0
4295,Segment 4,190.88,165.12,2,198.0
4296,Segment 0,86.75,0.0,1,386.0
4297,Segment 0,111.65,0.0,0,394.0
4298,Segment 1,1159.44,2262.2,4,41.0
4299,Segment 0,101.45,0.0,0,441.0
4300,Segment 2,244.68,0.0,0,140.0
4301,Segment 2,289.76,1066.12,2,85.0
4302,Segment 4,273.87,74.55,7,46.0
4303,Segment 2,424.68,0.0,0,50.0
4304,Segment 0,95.17,0.0,0,475.0
4305,Segment 4,1976.87,2065.5,28,22.0
4306,Segment 0,95.47,0.0,1,453.0
4307,Segment 1,535.17,0.0,4,26.0
4308,Segment 0,113.59,440.2,0,386.0
4309,Segment 2,436.18,0.0,4,60.0
4310,Segment 4,2972.53,7536.75,13,21.0
4311,Segment 4,527.81,0.0,4,44.0
4312,Segment 0,118.22,0.0,0,368.0
4313,Segment 4,914.06,1227.3,3,275.0
4314,Segment 2,708.79,595.15,4,71.0
4315,Segment 0,104.29,0.0,0,427.0
4316,Segment 0,102.45,0.0,0,436.0
4317,Segment 4,695.04,843.0,4,40.0
4318,Segment 4,3969.4,1812.15,12,48.0
4319,Segment 4,621.94,576.4,5,11.0
4320,Segment 0,84.27,0.0,0,546.0
4321,Segment 4,1124.45,3245.18,6,160.0
4322,Segment 4,533.63,678.18,2,62.0
4323,Segment 4,689.67,2061.43,7,56.0
4324,Segment 4,1305.64,0.0,4,21.0
4325,Segment 2,198.9,0.0,0,189.0
4326,Segment 1,145.6,0.0,0,285.0
4327,Segment 2,301.82,0.0,1,47.0
4328,Segment 4,936.33,4235.17,7,132.0
4329,Segment 0,216.1,390.97,2,425.0
4330,Segment 4,374.13,0.0,5,25.0
4331,Segment 0,110.7,0.0,0,398.0
4332,Segment 0,84.4,0.0,0,545.0
4333,Segment 2,202.77,0.0,0,184.0
4334,Segment 0,154.21,191.99,1,257.0
4335,Segment 4,409.76,569.53,5,110.0
4336,Segment 0,192.82,0.0,4,348.0
4337,Segment 4,1855.71,1931.03,17,9.0
4338,Segment 4,1205.23,1367.7,12,22.0
4339,Segment 2,2163.58,2007.14,5,2.0
4340,Segment 2,451.22,57.3,4,11.0
4341,Segment 2,393.04,163.2,2,62.0
4342,Segment 0,118.76,0.0,0,366.0
4343,Segment 4,1142.47,304.8,9,56.0
4344,Segment 2,270.08,0.0,0,120.0
4345,Segment 2,783.52,478.12,4,120.0
4346,Segment 0,118.76,0.0,1,405.0
4347,Segment 4,481.45,527.05,5,217.0
4348,Segment 4,329.92,443.18,2,26.0
4349,Segment 4,1187.58,1478.37,4,65.0
4350,Segment 0,107.96,0.0,0,410.0
4351,Segment 0,145.19,0.0,0,286.0
4352,Segment 2,730.47,1207.93,4,22.0
4353,Segment 2,462.64,168.1,0,40.0
4354,Segment 4,316.6,225.78,4,40.0
4355,Segment 2,227.75,1309.84,2,187.0
4356,Segment 2,1119.3,547.3,4,20.0
4357,Segment 4,332.4,0.0,2,232.0
4358,Segment 0,111.39,0.0,1,455.0
4359,Segment 2,377.66,0.0,3,84.0
4360,Segment 4,704.06,621.66,4,187.0
4361,Segment 0,300.87,712.29,2,237.0
4362,Segment 2,186.24,0.0,1,181.0
4363,Segment 4,1258.5,1938.32,10,11.0
4364,Segment 4,1147.63,0.0,11,27.0
4365,Segment 0,94.82,133.06,0,477.0
4366,Segment 2,918.88,690.11,2,0.0
4367,Segment 1,114.64,861.74,1,277.0
4368,Segment 0,37.94,3888.17,4,306.0
4369,Segment 2,739.94,4104.89,1,41.0
4370,Segment 2,330.1,0.0,0,85.0
4371,Segment 2,1150.44,1036.24,5,18.0
4372,Segment 2,167.58,0.0,0,238.0
4373,Segment 2,569.81,168.28,0,19.0
4374,Segment 2,963.52,1915.11,5,7.0
4375,Segment 0,84.4,178.75,0,545.0
4376,Segment 0,77.1,0.0,1,469.0
4377,Segment 4,1373.75,1005.41,12,6.0
4378,Segment 4,321.47,278.45,2,20.0
4379,Segment 0,139.37,0.0,0,301.0
4380,Segment 0,296.79,728.16,2,285.0
4381,Segment 4,1033.45,698.84,5,19.0
4382,Segment 4,1138.6,1795.72,5,18.0
4383,Segment 2,484.3,0.0,0,35.0
4384,Segment 2,689.25,601.9,2,19.0
4385,Segment 4,839.28,1954.28,3,117.0
4386,Segment 4,1063.4,842.16,7,74.0
4387,Segment 2,209.29,250.38,0,176.0
4388,Segment 3,7516.88,12721.75,44,12.0
4389,Segment 4,420.53,1070.48,4,174.0
4390,Segment 4,7293.9,10053.15,23,20.0
4391,Segment 1,218.88,0.0,1,71.0
4392,Segment 1,242.31,1992.11,2,329.0
4393,Segment 1,177.0,184.4,1,191.0
4394,Segment 0,63.56,0.0,3,405.0
4395,Segment 4,933.28,1366.92,7,0.0
4396,Segment 0,240.49,0.0,2,193.0
4397,Segment 4,1135.67,1643.11,9,74.0
4398,Segment 4,1904.83,2702.71,3,8.0
4399,Segment 2,173.14,0.0,0,228.0
4400,Segment 1,190.2,0.0,0,201.0
4401,Segment 2,212.38,0.0,1,196.0
4402,Segment 4,1466.98,2597.75,11,9.0
4403,Segment 4,304.23,0.0,3,166.0
4404,Segment 4,1226.37,117.48,9,34.0
4405,Segment 0,302.12,283.12,1,319.0
4406,Segment 4,284.88,765.34,2,202.0
4407,Segment 4,1541.51,1726.06,18,85.0
4408,Segment 2,446.66,0.0,0,44.0
4409,Segment 2,370.11,0.0,0,68.0
4410,Segment 0,188.68,0.0,1,284.0
4411,Segment 4,1449.34,1409.07,10,21.0
4412,Segment 2,392.51,0.0,0,60.0
4413,Segment 1,710.39,1384.57,2,14.0
4414,Segment 2,174.3,798.74,0,226.0
4415,Segment 2,435.39,497.9,0,47.0
4416,Segment 4,356.23,1423.82,4,23.0
4417,Segment 4,2518.13,9194.71,12,97.0
4418,Segment 4,242.22,68.7,6,144.0
4419,Segment 2,395.64,156.48,2,132.0
4420,Segment 0,147.81,137.45,3,278.0
4421,Segment 2,171.44,0.0,0,231.0
4422,Segment 2,306.72,164.57,0,97.0
4423,Segment 2,421.9,0.0,3,190.0
4424,Segment 1,561.8,0.0,4,128.0
4425,Segment 4,235.61,0.0,1,8.0
4426,Segment 4,3320.45,4099.17,12,57.0
4427,Segment 2,172.57,0.0,0,229.0
4428,Segment 4,158.81,0.0,1,40.0
4429,Segment 2,1832.29,3702.19,3,7.0
4430,Segment 4,858.53,663.56,7,33.0
4431,Segment 0,96.58,0.0,0,467.0
4432,Segment 1,1104.21,680.46,2,132.0
4433,Segment 2,731.69,2529.6,2,8.0
4434,Segment 2,1478.75,2154.5,3,0.0
4435,Segment 4,327.43,0.0,6,203.0
4436,Segment 1,292.13,2860.71,1,212.0
4437,Segment 0,109.31,0.0,0,404.0
4438,Segment 4,1501.73,3849.69,9,41.0
4439,Segment 0,89.66,878.2,1,429.0
4440,Segment 2,383.34,0.0,6,180.0
4441,Segment 2,367.48,475.24,0,69.0
4442,Segment 4,304.33,587.65,3,41.0
4443,Segment 4,4168.28,8091.01,14,26.0
4444,Segment 4,1000.1,1083.43,6,90.0
4445,Segment 4,1793.99,1720.58,13,4.0
4446,Segment 0,199.4,0.0,5,197.0
4447,Segment 0,149.22,0.0,1,214.0
4448,Segment 4,573.04,52.54,9,140.0
4449,Segment 1,158.42,0.0,0,256.0
4450,Segment 2,1063.36,1033.44,4,58.0
4451,Segment 0,148.11,0.0,1,285.0
4452,Segment 1,296.3,0.0,2,48.0
4453,Segment 0,127.77,0.0,0,335.0
4454,Segment 2,272.12,305.51,1,64.0
4455,Segment 2,172.57,0.0,0,229.0
4456,Segment 2,217.14,0.0,0,167.0
4457,Segment 0,185.69,0.0,2,272.0
4458,Segment 4,894.74,1400.41,7,68.0
4459,Segment 2,337.14,0.0,2,183.0
4460,Segment 4,1953.94,3262.64,38,11.0
4461,Segment 4,1003.92,2356.32,5,16.0
4462,Segment 0,219.08,818.71,1,201.0
4463,Segment 4,262.28,115.05,3,181.0
4464,Segment 2,154.66,0.0,0,264.0
4465,Segment 4,134.83,0.0,2,71.0
4466,Segment 4,328.0,541.88,3,19.0
4467,Segment 2,332.06,109.33,2,18.0
4468,Segment 2,198.9,0.0,0,189.0
4469,Segment 2,179.09,271.2,0,218.0
4470,Segment 4,306.7,2081.9,2,195.0
4471,Segment 4,1223.22,3043.32,8,86.0
4472,Segment 2,980.31,0.0,3,6.0
4473,Segment 4,217.8,129.53,2,131.0
4474,Segment 2,190.89,173.45,0,200.0
4475,Segment 0,144.79,0.0,1,322.0
4476,Segment 4,796.4,618.74,6,57.0
4477,Segment 2,386.66,0.0,0,62.0
4478,Segment 1,129.23,0.0,1,194.0
4479,Segment 0,96.22,0.0,0,469.0
4480,Segment 0,79.8,0.0,1,475.0
4481,Segment 2,389.57,86.02,0,61.0
4482,Segment 2,198.15,0.0,0,190.0
4483,Segment 2,200.48,171.06,1,55.0
4484,Segment 0,120.96,0.0,0,358.0
4485,Segment 0,169.26,131.94,1,253.0
4486,Segment 2,263.25,163.5,0,125.0
4487,Segment 2,757.26,149.02,2,112.0
4488,Segment 4,175.71,0.0,1,89.0
4489,Segment 4,825.75,1067.29,12,6.0
4490,Segment 0,147.42,0.0,1,275.0
4491,Segment 0,46.18,0.0,1,494.0
4492,Segment 2,359.84,187.14,0,72.0
4493,Segment 2,603.25,75.9,5,121.0
4494,Segment 4,352.19,780.43,4,203.0
4495,Segment 0,112.86,0.0,0,389.0
4496,Segment 4,1344.16,1651.94,12,50.0
4497,Segment 2,473.59,831.36,2,25.0
4498,Segment 0,200.5,0.0,2,259.0
4499,Segment 1,896.79,1184.84,6,180.0
4500,Segment 2,190.89,0.0,0,200.0
4501,Segment 4,168.99,0.0,2,184.0
4502,Segment 0,106.2,512.31,0,418.0
4503,Segment 0,172.74,0.0,2,203.0
4504,Segment 0,24.6,0.0,3,356.0
4505,Segment 4,2050.34,2701.96,11,25.0
4506,Segment 0,61.98,0.0,1,476.0
4507,Segment 4,3258.06,3771.67,23,7.0
4508,Segment 2,248.05,506.51,3,176.0
4509,Segment 2,511.5,0.0,1,183.0
4510,Segment 2,190.2,0.0,0,201.0
4511,Segment 4,131.41,15.25,3,77.0
4512,Segment 2,511.67,117.98,3,85.0
4513,Segment 0,84.4,0.0,0,545.0
4514,Segment 4,1492.63,835.85,9,2.0
4515,Segment 2,204.36,0.0,0,182.0
4516,Segment 2,181.58,0.0,0,214.0
4517,Segment 4,455.19,0.0,1,228.0
4518,Segment 2,172.57,0.0,0,229.0
4519,Segment 0,134.87,0.0,1,406.0
4520,Segment 2,204.36,0.0,0,182.0
4521,Segment 4,635.74,406.86,2,50.0
4522,Segment 4,1165.72,0.0,4,106.0
4523,Segment 2,429.98,111.05,1,69.0
4524,Segment 0,86.36,0.0,0,531.0
4525,Segment 2,249.05,0.0,1,222.0
4526,Segment 4,1454.92,612.4,9,100.0
4527,Segment 2,160.86,0.0,0,251.0
4528,Segment 3,11816.43,28588.31,124,0.0
4529,Segment 0,107.96,0.0,0,410.0
4530,Segment 2,299.06,0.0,1,111.0
4531,Segment 0,112.03,0.0,1,363.0
4532,Segment 0,122.74,0.0,1,323.0
4533,Segment 4,943.35,512.83,22,57.0
4534,Segment 4,441.08,0.0,6,26.0
4535,Segment 4,817.64,0.0,22,180.0
4536,Segment 4,369.07,0.0,5,230.0
4537,Segment 4,218.17,114.34,2,196.0
4538,Segment 4,349.02,0.0,2,215.0
4539,Segment 4,315.55,199.5,3,35.0
4540,Segment 2,205.98,0.0,0,180.0
4541,Segment 1,1012.62,275.4,2,41.0
4542,Segment 4,3088.96,16517.7,7,14.0
4543,Segment 4,2746.3,2535.86,21,69.0
4544,Segment 2,281.78,0.0,0,112.0
4545,Segment 4,225.36,0.0,2,176.0
4546,Segment 4,1026.03,1598.3,11,61.0
4547,Segment 4,536.6,0.0,3,131.0
4548,Segment 4,1198.65,1788.1,8,62.0
4549,Segment 2,369.1,354.0,2,83.0
4550,Segment 4,5785.36,6119.76,25,12.0
4551,Segment 0,242.48,325.7,1,292.0
4552,Segment 4,195.3,553.82,8,11.0
4553,Segment 2,195.18,0.0,0,194.0
4554,Segment 4,384.84,117.22,4,23.0
4555,Segment 2,337.67,1534.54,1,174.0
4556,Segment 4,377.58,0.0,4,12.0
4557,Segment 2,198.9,0.0,0,189.0
4558,Segment 4,1521.93,538.8,11,48.0
4559,Segment 2,972.86,122.76,1,33.0
4560,Segment 0,91.66,0.0,0,496.0
4561,Segment 4,817.9,0.0,2,207.0
4562,Segment 2,188.82,379.45,0,203.0
4563,Segment 4,271.04,0.0,2,172.0
4564,Segment 2,281.78,0.0,0,112.0
4565,Segment 2,200.43,0.0,0,187.0
4566,Segment 4,209.34,544.99,2,54.0
4567,Segment 4,703.44,104.53,14,119.0
4568,Segment 4,495.12,491.57,4,18.0
4569,Segment 4,405.35,347.0,15,20.0
4570,Segment 4,395.7,0.0,4,20.0
4571,Segment 2,298.32,0.0,1,130.0
4572,Segment 2,493.55,0.0,0,33.0
4573,Segment 4,628.77,251.96,14,93.0
4574,Segment 4,558.15,131.14,6,175.0
4575,Segment 4,199.78,52.22,2,15.0
4576,Segment 0,129.68,110.38,0,329.0
4577,Segment 0,122.09,0.0,0,354.0
4578,Segment 2,189.5,0.0,0,202.0
4579,Segment 4,481.81,406.09,9,160.0
4580,Segment 2,407.96,0.0,0,55.0
4581,Segment 0,100.09,0.0,0,448.0
4582,Segment 4,296.91,0.0,4,181.0
4583,Segment 0,84.4,0.0,0,545.0
4584,Segment 0,85.93,0.0,0,534.0
4585,Segment 2,334.0,0.0,4,118.0
4586,Segment 4,711.38,190.6,11,163.0
4587,Segment 0,120.68,0.0,0,359.0
4588,Segment 0,80.86,0.0,1,436.0
4589,Segment 2,322.11,108.32,1,64.0
4590,Segment 0,73.94,0.0,2,308.0
4591,Segment 2,163.38,1304.04,0,246.0
4592,Segment 4,6245.81,2606.86,38,8.0
4593,Segment 4,879.93,542.16,6,74.0
4594,Segment 0,122.96,0.0,0,351.0
4595,Segment 2,269.85,0.0,2,90.0
4596,Segment 1,445.46,2440.44,2,109.0
4597,Segment 2,205.98,0.0,0,180.0
4598,Segment 4,398.52,185.56,3,11.0
4599,Segment 0,86.64,0.0,0,529.0
4600,Segment 2,163.74,106.2,1,54.0
4601,Segment 4,778.28,399.5,8,62.0
4602,Segment 4,1029.66,1349.88,8,47.0
4603,Segment 4,1042.65,111.16,9,63.0
4604,Segment 2,569.81,742.56,0,19.0
4605,Segment 0,101.65,0.0,0,440.0
4606,Segment 2,181.58,704.25,0,214.0
4607,Segment 0,205.2,142.89,3,208.0
4608,Segment 2,1522.47,973.74,3,65.0
4609,Segment 2,173.14,0.0,0,228.0
4610,Segment 4,6830.79,644.5,7,26.0
4611,Segment 0,179.18,304.56,2,398.0
4612,Segment 2,171.44,0.0,0,231.0
4613,Segment 0,90.39,0.0,0,504.0
4614,Segment 2,567.37,0.0,1,41.0
4615,Segment 3,16249.71,44156.94,49,0.0
4616,Segment 4,328.91,219.03,4,173.0
4617,Segment 2,340.47,599.04,2,166.0
4618,Segment 2,278.79,0.0,1,186.0
4619,Segment 0,123.83,0.0,0,348.0
4620,Segment 4,793.45,1134.53,12,34.0
4621,Segment 4,424.42,0.0,4,6.0
4622,Segment 2,401.64,0.0,0,57.0
4623,Segment 0,85.65,508.46,0,536.0
4624,Segment 0,110.24,0.0,0,400.0
4625,Segment 0,112.51,73.78,1,330.0
4626,Segment 3,867.05,422.05,67,4.0
4627,Segment 1,131.92,102.41,1,357.0
4628,Segment 0,200.92,0.0,3,279.0
4629,Segment 2,205.98,201.45,0,180.0
4630,Segment 4,1677.89,1275.41,20,60.0
4631,Segment 4,305.08,951.43,3,69.0
4632,Segment 2,227.84,0.0,1,179.0
4633,Segment 2,301.18,0.0,3,181.0
4634,Segment 4,178.29,103.0,18,169.0
4635,Segment 2,569.81,0.0,0,19.0
4636,Segment 0,121.53,0.0,0,356.0
4637,Segment 2,428.19,0.0,0,49.0
4638,Segment 2,811.29,539.92,3,27.0
4639,Segment 4,2576.06,1703.09,17,0.0
4640,Segment 2,205.98,0.0,0,180.0
4641,Segment 1,185.46,288.14,0,208.0
4642,Segment 4,375.42,0.0,3,173.0
4643,Segment 1,372.77,497.34,0,67.0
4644,Segment 2,575.9,248.7,2,12.0
4645,Segment 2,179.09,0.0,0,218.0
4646,Segment 0,92.97,0.0,0,488.0
4647,Segment 2,188.82,0.0,0,203.0
4648,Segment 4,300.39,152.68,3,200.0
4649,Segment 4,306.28,198.57,3,184.0
4650,Segment 4,163.81,126.18,6,134.0
4651,Segment 2,200.43,0.0,0,187.0
4652,Segment 4,455.63,0.0,5,44.0
4653,Segment 4,175.8,0.0,2,33.0
4654,Segment 2,193.01,0.0,0,197.0
4655,Segment 0,104.71,0.0,0,425.0
4656,Segment 4,592.43,322.69,8,81.0
4657,Segment 2,329.06,0.0,2,89.0
4658,Segment 2,204.36,0.0,1,187.0
4659,Segment 4,196.5,0.0,2,188.0
4660,Segment 2,276.95,190.05,1,174.0
4661,Segment 0,117.16,0.0,0,372.0
4662,Segment 0,177.6,415.13,2,257.0
4663,Segment 0,157.77,0.0,3,183.0
4664,Segment 2,202.77,0.0,0,184.0
4665,Segment 2,214.46,0.0,0,170.0
4666,Segment 0,225.95,444.68,2,189.0
4667,Segment 2,190.89,0.0,0,200.0
4668,Segment 4,6340.56,50.78,18,11.0
4669,Segment 4,734.59,0.0,6,43.0
4670,Segment 2,380.98,0.0,0,64.0
4671,Segment 2,164.61,0.0,1,181.0
4672,Segment 0,86.36,0.0,0,531.0
4673,Segment 4,292.24,1158.81,3,123.0
4674,Segment 2,265.47,358.0,1,118.0
4675,Segment 2,244.6,84.69,1,7.0
4676,Segment 1,122.96,0.0,0,351.0
4677,Segment 0,117.05,0.0,1,317.0
4678,Segment 4,363.37,612.72,3,193.0
4679,Segment 4,387.1,0.0,4,187.0
4680,Segment 0,398.7,0.0,1,308.0
4681,Segment 0,112.37,0.0,0,391.0
4682,Segment 0,99.71,0.0,0,450.0
4683,Segment 2,201.21,0.0,0,186.0
4684,Segment 2,242.41,0.0,0,142.0
4685,Segment 2,203.57,418.68,0,183.0
4686,Segment 2,195.91,713.89,0,193.0
4687,Segment 4,468.4,293.17,7,53.0
4688,Segment 4,164.34,9.2,12,33.0
4689,Segment 0,119.3,0.0,0,364.0
4690,Segment 4,247.21,0.0,3,182.0
4691,Segment 2,414.49,118.2,0,53.0
4692,Segment 4,2040.33,1545.76,27,21.0
4693,Segment 0,123.54,165.05,0,349.0
4694,Segment 2,333.66,107.7,1,14.0
4695,Segment 4,1103.87,1202.44,13,6.0
4696,Segment 0,98.4,0.0,0,457.0
4697,Segment 2,198.9,0.0,0,189.0
4698,Segment 2,236.53,0.0,1,11.0
4699,Segment 0,188.09,0.0,1,245.0
4700,Segment 2,228.0,0.0,1,167.0
4701,Segment 0,6.02,0.0,6,442.0
4702,Segment 0,117.16,0.0,0,372.0
4703,Segment 1,90.99,297.07,1,333.0
4704,Segment 2,190.89,0.0,0,200.0
4705,Segment 2,3463.6,3398.81,8,11.0
4706,Segment 1,230.22,0.0,1,96.0
4707,Segment 4,339.46,0.0,2,201.0
4708,Segment 0,163.17,170.16,1,349.0
4709,Segment 4,348.94,0.0,1,216.0
4710,Segment 4,1577.35,928.79,21,14.0
4711,Segment 4,470.84,234.6,4,28.0
4712,Segment 0,139.38,0.0,1,198.0
4713,Segment 4,1260.67,406.0,7,43.0
4714,Segment 4,1390.47,1245.1,12,27.0
4715,Segment 2,320.9,318.0,1,194.0
4716,Segment 2,306.72,0.0,0,97.0
4717,Segment 4,1036.77,1325.33,6,43.0
4718,Segment 0,94.82,0.0,0,477.0
4719,Segment 4,376.35,0.0,4,65.0
4720,Segment 2,1143.01,3605.66,1,4.0
4721,Segment 2,323.03,0.0,1,181.0
4722,Segment 1,1965.25,1322.75,15,12.0
4723,Segment 2,199.67,0.0,0,188.0
4724,Segment 4,757.91,1705.03,10,34.0
4725,Segment 4,293.11,0.0,3,25.0
4726,Segment 4,802.46,2000.32,1,46.0
4727,Segment 2,424.68,390.0,0,50.0
4728,Segment 2,187.46,0.0,0,205.0
4729,Segment 2,197.4,90.48,0,191.0
4730,Segment 4,467.44,0.0,3,138.0
4731,Segment 2,336.51,0.0,0,82.0
4732,Segment 4,3723.6,0.0,11,98.0
4733,Segment 2,159.39,0.0,0,254.0
4734,Segment 2,172.57,0.0,0,229.0
4735,Segment 0,110.0,0.0,0,401.0
4736,Segment 4,2620.21,5069.52,11,35.0
4737,Segment 4,1161.55,989.0,5,105.0
4738,Segment 4,1436.39,1240.1,7,26.0
4739,Segment 4,571.58,0.0,4,120.0
4740,Segment 2,269.7,849.06,2,250.0
4741,Segment 4,1080.24,1205.84,7,13.0
4742,Segment 2,188.14,0.0,0,204.0
4743,Segment 0,120.96,0.0,0,358.0
4744,Segment 0,194.0,222.4,2,182.0
4745,Segment 3,115061.36,195015.19,48,14.0
4746,Segment 0,121.24,0.0,0,357.0
4747,Segment 4,435.17,0.0,3,137.0
4748,Segment 2,161.36,0.0,0,250.0
4749,Segment 4,199.83,0.0,2,62.0
4750,Segment 4,1883.73,5478.84,22,2.0
4751,Segment 2,178.48,168.55,0,219.0
4752,Segment 1,110.94,0.0,0,397.0
4753,Segment 0,213.88,352.69,1,226.0
4754,Segment 2,209.29,0.0,0,176.0
4755,Segment 2,304.92,0.0,0,98.0
4756,Segment 0,90.23,0.0,0,505.0
4757,Segment 2,1265.27,163.56,11,42.0
4758,Segment 4,2850.98,2303.4,16,15.0
4759,Segment 2,210.13,0.0,0,175.0
4760,Segment 2,551.53,0.0,0,22.0
4761,Segment 0,132.31,574.44,0,321.0
4762,Segment 0,147.66,0.0,0,280.0
4763,Segment 2,658.48,197.85,2,9.0
4764,Segment 2,183.5,347.08,0,211.0
4765,Segment 0,124.72,0.0,0,345.0
4766,Segment 2,421.23,0.0,0,51.0
4767,Segment 0,101.85,0.0,0,439.0
4768,Segment 0,135.4,0.0,0,312.0
4769,Segment 2,563.59,0.0,0,20.0
4770,Segment 0,111.12,0.0,1,406.0
4771,Segment 0,219.79,681.91,4,200.0
4772,Segment 1,576.47,183.48,3,19.0
4773,Segment 0,120.68,0.0,0,359.0
4774,Segment 2,296.23,0.0,0,103.0
4775,Segment 2,147.24,0.0,0,281.0
4776,Segment 1,236.08,0.0,1,209.0
4777,Segment 1,545.7,734.52,0,23.0
4778,Segment 4,1033.55,1283.1,12,20.0
4779,Segment 4,1132.22,1837.77,8,12.0
4780,Segment 2,518.3,83.7,0,28.0
4781,Segment 0,98.95,0.0,0,454.0
4782,Segment 4,523.1,62.4,5,23.0
4783,Segment 2,640.71,339.0,0,9.0
4784,Segment 4,440.42,340.8,4,97.0
4785,Segment 0,98.95,0.0,0,454.0
4786,Segment 0,96.58,0.0,0,467.0
4787,Segment 2,269.89,399.19,2,196.0
4788,Segment 2,303.14,233.89,0,99.0
4789,Segment 2,208.45,488.76,0,177.0
4790,Segment 0,115.35,0.0,0,379.0
4791,Segment 2,286.44,0.0,0,109.0
4792,Segment 2,411.58,319.51,1,8.0
4793,Segment 2,578.33,1066.47,2,60.0
4794,Segment 0,85.09,0.0,0,540.0
4795,Segment 1,112.13,0.0,0,392.0
4796,Segment 0,103.46,0.0,0,431.0
4797,Segment 4,1014.29,115.15,14,12.0
4798,Segment 4,716.13,676.1,6,25.0
4799,Segment 4,524.9,761.77,5,46.0
4800,Segment 4,4144.42,3826.11,25,19.0
4801,Segment 4,730.9,378.0,3,7.0
4802,Segment 0,107.73,104.0,0,411.0
4803,Segment 0,93.8,0.0,0,483.0
4804,Segment 1,218.05,0.0,0,166.0
4805,Segment 4,481.62,627.77,6,12.0
4806,Segment 4,1825.54,480.97,9,27.0
4807,Segment 4,623.0,690.01,5,60.0
4808,Segment 1,230.91,366.85,3,208.0
4809,Segment 0,151.52,0.0,0,271.0
4810,Segment 1,686.13,0.0,1,35.0
4811,Segment 2,401.64,0.0,0,57.0
4812,Segment 0,86.5,0.0,0,530.0
4813,Segment 1,101.85,0.0,0,439.0
4814,Segment 4,588.75,1572.34,3,98.0
4815,Segment 1,304.42,457.14,1,75.0
4816,Segment 4,278.61,0.0,4,0.0
4817,Segment 2,257.22,0.0,1,69.0
4818,Segment 1,271.04,233.81,1,188.0
4819,Segment 0,682.27,896.0,4,246.0
4820,Segment 2,194.45,0.0,0,195.0
4821,Segment 4,413.64,235.85,2,98.0
4822,Segment 1,114.34,0.0,0,383.0
4823,Segment 2,2691.15,1993.56,9,11.0
4824,Segment 1,92.47,0.0,0,491.0
4825,Segment 0,86.5,0.0,0,530.0
4826,Segment 2,1025.62,0.0,1,7.0
4827,Segment 0,158.87,160.42,2,189.0
4828,Segment 2,721.72,1419.97,0,0.0
4829,Segment 0,120.13,0.0,0,361.0
4830,Segment 1,137.18,0.0,0,307.0
4831,Segment 0,116.9,0.0,0,373.0
4832,Segment 2,308.98,2478.98,1,75.0
4833,Segment 2,328.01,462.17,0,86.0
4834,Segment 4,166.37,0.0,1,134.0
4835,Segment 2,446.66,0.0,0,44.0
4836,Segment 0,61.26,0.0,3,338.0
4837,Segment 0,400.32,299.34,3,245.0
4838,Segment 1,100.39,621.75,1,321.0
4839,Segment 4,373.49,0.0,3,19.0
4840,Segment 4,727.32,1107.46,11,22.0
4841,Segment 1,564.02,0.0,5,34.0
4842,Segment 1,358.51,798.84,1,19.0
4843,Segment 4,2741.46,3632.35,18,13.0
4844,Segment 2,362.35,0.0,0,71.0
4845,Segment 4,2797.17,3787.49,17,12.0
4846,Segment 4,3081.99,2983.43,18,6.0
4847,Segment 2,534.4,0.0,0,25.0
4848,Segment 4,1715.96,4418.2,14,6.0
4849,Segment 4,1172.89,1543.3,4,15.0
4850,Segment 4,2238.51,0.0,24,0.0
4851,Segment 2,1289.65,221.99,1,0.0
4852,Segment 2,253.01,0.0,0,133.0
4853,Segment 0,120.68,0.0,0,359.0
4854,Segment 2,534.4,1366.02,0,25.0
4855,Segment 4,428.2,759.04,4,48.0
4856,Segment 0,131.64,0.0,0,323.0
4857,Segment 2,1123.7,0.0,5,26.0
4858,Segment 4,503.91,1692.26,4,25.0
4859,Segment 4,653.89,1538.41,5,4.0
4860,Segment 2,176.66,0.0,0,222.0
4861,Segment 0,224.06,0.0,1,238.0
4862,Segment 4,1766.93,1260.77,12,19.0
4863,Segment 4,198.07,363.2,1,41.0
4864,Segment 1,281.32,0.0,2,222.0
4865,Segment 1,272.91,0.0,0,118.0
4866,Segment 4,3288.08,4314.72,6,253.0
4867,Segment 0,115.68,518.27,4,356.0
4868,Segment 0,99.71,0.0,0,450.0
4869,Segment 0,112.86,0.0,0,389.0
4870,Segment 2,154.66,103.3,0,264.0
4871,Segment 1,194.45,0.0,0,195.0
4872,Segment 1,951.34,1616.43,5,14.0
4873,Segment 0,212.79,0.0,4,272.0
4874,Segment 4,527.67,1962.3,4,174.0
4875,Segment 4,2874.91,427.13,20,13.0
4876,Segment 0,187.6,149.48,1,201.0
4877,Segment 2,392.51,903.48,0,60.0
4878,Segment 0,137.54,0.0,0,306.0
4879,Segment 2,165.45,0.0,0,242.0
4880,Segment 1,94.31,0.0,0,480.0
4881,Segment 0,88.51,25.5,4,399.0
4882,Segment 1,210.98,0.0,0,174.0
4883,Segment 1,230.41,171.2,1,74.0
4884,Segment 0,174.19,0.0,1,417.0
4885,Segment 4,660.13,2098.04,4,33.0
4886,Segment 2,148.38,153.0,1,65.0
4887,Segment 0,160.56,0.0,1,386.0
4888,Segment 4,375.3,323.36,4,200.0
4889,Segment 1,384.66,110.38,2,205.0
4890,Segment 2,182.86,173.9,0,212.0
4891,Segment 0,130.33,0.0,0,327.0
4892,Segment 1,313.94,0.0,1,85.0
4893,Segment 0,113.84,80.82,0,385.0
4894,Segment 4,488.24,1526.01,9,8.0
4895,Segment 2,167.04,0.0,0,239.0
4896,Segment 0,96.4,0.0,0,468.0
4897,Segment 1,284.55,0.0,1,284.0
4898,Segment 4,892.46,1072.0,3,9.0
